Smiles,Molecular Weight,AlogP,#RO5 Violations,pIC50
Cc1cc(NC2CCCN(C3CCC3)C2)nnc1-c1ccc2sccc2c1O,394.54,4.8,0.0,10.154901959985743
CC(C)OC(=O)[C@@H](Cn1cc(C#N)cn1)OC(=O)Nc1c2c(cc3c1CCC3)CCC2,422.49,3.3,0.0,9.823908740944319
CC(C)c1nn(CC(=O)N[C@@H]2CCCN(C3CCC3)C2)c(=O)c2cc3sc(Cl)cc3n12,462.02,3.62,0.0,9.522878745280337
CC(C)OC(=O)[C@@H](Cc1ncccn1)OC(=O)Nc1c2c(cc3c1CCC3)CCC2,409.49,3.57,0.0,9.494850021680094
Cc1cc(N[C@@H]2CCCN(C)C2)nnc1-c1ccc(C2CC2)cc1O,338.46,3.54,0.0,9.42021640338319
CCN1CCC[C@@H](Nc2nc3nc(-c4c(C)cc(Cl)cc4O)ccc3o2)C1,386.88,4.45,0.0,9.397940008672037
CN1CCC[C@@H](Nc2cc(C(F)(F)F)c(-c3ccc(C(F)(F)F)cc3O)nn2)C1,420.36,4.39,0.0,9.397940008672037
Cc1cc(N[C@@H]2CCCN(C)C2)nnc1-c1ccc(C(F)(F)F)cc1O,366.39,3.68,0.0,9.397940008672037
Cc1nc(NC(C)c2cccc(O)c2)nnc1-c1ccc(C(F)(F)F)cc1O,390.37,4.45,0.0,9.301029995663981
CCN1CCC[C@H](Nc2nc3nc(-c4c(C)cc(Cl)cc4O)ccc3o2)C1.O=C(O)C(F)(F)F,500.91,4.45,0.0,9.301029995663981
Cc1cc(Cl)cc(O)c1-c1ccc2oc(N3CC[C@H]4CCN(C)C[C@H]43)nc2n1,398.89,4.09,0.0,9.301029995663981
CC(C)OC(=O)[C@@H](Cc1cnccn1)OC(=O)Nc1c2c(cc3c1CCC3)CCC2,409.49,3.57,0.0,9.2518119729938
CC(C)OC(=O)[C@@H](Cn1cncn1)OC(=O)Nc1c2c(cc3c1CCC3)CCC2,398.46,2.82,0.0,9.236572006437063
COC(=O)CCN1CCC[C@H](Nc2nc3nc(-c4c(C)cc(Cl)cc4O)ccc3o2)C1,444.92,4.0,0.0,9.221848749616356
CCN1CCC[C@H](Nc2nc3nc(-c4c(C)cc(Cl)c(F)c4O)ccc3o2)C1.O=C(O)C(F)(F)F,518.9,4.59,0.0,9.221848749616356
Cc1cc(Cl)cc(O)c1-c1ccc2oc(N[C@H]3CCCN4CCC[C@H]34)nc2n1,398.89,4.6,0.0,9.221848749616356
O=C(Nc1c2c(cc3c1CCC3)CCC2)O[C@H](Cc1ncccn1)C(=O)OC1CCCC1,435.52,4.1,0.0,9.207608310501746
C[C@]1(O)C[C@@H](Nc2nnc(-c3ccc(C(F)(F)F)cc3O)c3c2COC3)C1,381.35,3.22,0.0,9.102372908709558
CCN1CCC[C@H](Nc2ccc(-c3c(C)cc(C(F)(F)F)cc3O)nn2)C1,380.41,4.07,0.0,9.096910013008056
CN1CCC[C@@H](Nc2nnc(-c3ccc(C(F)(F)F)cc3O)c3c2COC3)C1,394.4,3.4,0.0,9.074172425375258
Cc1nc(N[C@@H]2CCCN(C)C2)nnc1-c1ccc(C2CC2)cc1O,339.44,2.94,0.0,9.0
Cc1nc(N[C@@H]2CCCN(C)C2)nnc1-c1ccc(Cl)cc1O,333.82,2.71,0.0,9.0
Cc1cc(O)c(-c2nnc(N[C@@H]3CCCN(C)C3)nc2C)c(F)c1,331.4,2.51,0.0,9.0
COc1ccc(-c2nnc(N[C@@H]3CCCN(C)C3)nc2C)c(O)c1,329.4,2.07,0.0,9.0
Cc1nc(N[C@@H]2CCCN(C)C2)nnc1-c1ccc(C(F)(F)F)cc1O,367.38,3.08,0.0,9.0
CCOC(=O)C(Cn1cncn1)OC(=O)Nc1c2c(cc3c1CCC3)CCC2,384.44,2.44,0.0,9.0
Cc1ccc(-c2nnc(N[C@@H]3CCCN(C)C3)c3c2C2C=CC3CC2)c(O)c1,376.5,4.19,0.0,9.0
COc1cc(O)c(-c2nnc(N[C@@H]3CCCN(C)C3)nc2C)c(F)c1,347.39,2.21,0.0,9.0
CC(C)Sc1cc2c(=O)n(CC(=O)N[C@H]3C[C@@](C)(O)C3)nc(C(C)C)n2c1,392.53,2.15,0.0,9.0
CCN1CCC[C@@H](Nc2ccc(-c3c(C)cc(C(F)(F)F)cc3O)nn2)C1,380.41,4.07,0.0,9.0
CCN1CCC[C@@H](Nc2ccc(-c3c(C)cc(C#N)cc3O)nn2)C1,337.43,2.93,0.0,8.958607314841775
Cc1cc(C#N)cc(O)c1-c1ccc(N2CC[C@H]3CCN(C)C[C@H]32)nn1,349.44,2.56,0.0,8.920818753952375
Cc1cc(N2CC[C@H]3CCN(C)C[C@H]32)nnc1-c1ccc(C#N)cc1O,349.44,2.56,0.0,8.744727494896694
Cc1cc(N2CCC3CCN(C)CC32)nnc1-c1ccc(C#N)cc1O,349.44,2.56,0.0,8.744727494896694
C[C@@]1(CO)Cn2ncc([S@@+](N)([O-])=NC(=O)Nc3c4c(cc5c3CCC5)CCC4)c2O1,431.52,1.94,0.0,8.721246399047171
CCOC(=O)C(Cn1cc(C#N)cn1)OC(=O)Nc1c2c(cc3c1CCC3)CCC2,408.46,2.91,0.0,8.698970004336019
Cc1nc(N[C@@H]2CCCN(CCO)C2)nnc1-c1ccc2c(c1O)CCO2,371.44,1.36,0.0,8.638272163982407
OCCN1CCC[C@@H](Nc2nnc(-c3ccc4occc4c3O)c3c2C2CCC3CC2)C1,434.54,4.22,0.0,8.540607512240769
Cc1cc(Br)cc(C)c1-n1cc2c(=O)[nH]c(NCC(C)C)nc2n1,390.29,3.56,0.0,8.522878745280337
C[C@]1(O)C[C@@H](Nc2nnc(-c3ccc(C#N)cc3O)c3c2CCCC3)C1,350.42,2.92,0.0,8.522878745280337
Cc1cc(Br)cc(C)c1-n1cc2c(=O)[nH]c(N3C=COCC3)nc2n1,402.25,2.8,0.0,8.522878745280337
C[C@]1(O)C[C@@H](NC(=O)CN2C[C@@]3(C[C@@H]3F)c3cc(I)ccc3C2=O)C1,458.27,1.76,0.0,8.522878745280337
CCN1CCC[C@@H](Nc2cc(C)c(-c3ccc(C#N)cc3O)nn2)C1.O=CO,383.45,2.93,0.0,8.508638306165727
CN(C)C/C=C/S(=O)(=O)NC(=O)Nc1c2c(cc3c1CCC3)CCC2,363.48,2.19,0.0,8.494850021680094
Nc1ccc(S(=O)(=O)N[C@@H](Cc2ccc(O)cc2)C(=O)Nc2c3c(cc4c2CCC4)CCC3)cc1,491.61,3.48,0.0,8.482804102050025
CCN1CCC[C@@H](N2CCOc3cc(-c4c(C)cc(C#N)cc4O)nnc32)C1.O=CO,425.49,2.71,0.0,8.468521082957745
CN(C)C/C=C/S(=O)(=O)NC(=O)Nc1c2c(cc3c1CCC3)C=CC2,361.47,2.27,0.0,8.443697499232712
Cc1nc(N[C@@H]2CCCN(CCCC(=O)O)C2)nnc1-c1ccc2c(c1O)CCO2,413.48,2.23,0.0,8.3767507096021
Cc1cc(N[C@@H]2CCCN(C)C2)nnc1-c1ccc2ccccc2c1O,348.45,3.82,0.0,8.362510270487489
C[C@H](O)Cn1cc(F)c([S+](N)([O-])=NC(=O)Nc2c3c(nc4c2CCC42CC2)CCC3)n1,448.52,2.2,0.0,8.327902142064282
CCN1CCC[C@@H](N2CCCc3cc(-c4c(C)cc(C#N)cc4O)nnc32)C1,377.49,3.27,0.0,8.318758762624412
Cc1nc(N[C@H]2CCCN(CCCC(=O)N3CCCC3)C2)nnc1-c1ccc2c(c1O)CCO2,466.59,2.77,0.0,8.301029995663981
CC(C)(O)c1coc(S(=O)(=O)NC(=O)Nc2c3c(cc4c2CCC4)CCC3)c1,404.49,2.99,0.0,8.301029995663981
[2H]C([2H])([2H])C(O)(c1coc(S(=O)(=O)NC(=O)Nc2c3c(cc4c2CCC4)CCC3)c1)C([2H])([2H])[2H],410.52,2.99,0.0,8.301029995663981
Cc1ccc(S(=O)(=NC#N)NC(=O)Nc2c3c(cc4c2CCC4)CCC3)cc1F,412.49,4.16,0.0,8.275724130399212
Cc1cc(N[C@@H]2CCCN(C)C2)nnc1-c1ccc(-c2ccc(F)cc2)cc1O,392.48,4.47,0.0,8.274088367704952
Nc1ccc(S(=O)(=O)N2Cc3ccccc3C[C@H]2C(=O)Nc2c3c(cc4c2CCC4)CCC3)cc1,487.63,4.0,0.0,8.27083521030723
CN[C@@H]1COc2c(S(=O)(=O)NC(=O)Nc3c4c(cc5c3CCC5)CCC4)cnn2C1,431.52,1.35,0.0,8.267606240177031
CCc1cc(N[C@@H]2CCCN(CC)C2)nnc1-c1ccc(C#N)cc1O,351.45,3.18,0.0,8.2518119729938
CCN1CCC[C@@H](Nc2nnc(-c3ccc(Cl)cc3O)n(C)c2=O)C1,363.85,2.1,0.0,8.229147988357855
[2H]C1([2H])CCc2c1cc1c(c2NC(=O)NS(=O)(=O)c2cc(C(C)(C)O)co2)CCC1,406.5,2.99,0.0,8.221848749616356
[2H]C1([2H])CCc2cc3c(c(NC(=O)NS(=O)(=O)c4cc(C(C)(C)O)co4)c21)C([2H])([2H])CC3,408.51,2.99,0.0,8.221848749616356
CC(C)(O)c1nn(CC(=O)N[C@H]2C[C@@](C)(O)C2)c(=O)c2cc3sc(Cl)cc3n12,424.91,1.62,0.0,8.221848749616356
N[S+]([O-])(=NC(=O)Nc1c2c(cc3c1CCC3)CCC2)c1cnn2cc(CO)oc12,415.48,2.33,0.0,8.214670164989233
Cc1ccc(S(=O)(=NC#N)NC(=O)Nc2c3c(cc4c2CCC4)CCC3)cc1,394.5,4.02,0.0,8.167491087293763
[2H]C1([2H])CCc2c1cc1c(c2NC(=O)NS(=O)(=O)c2cc(C(C)(C)O)co2)CCC1([2H])[2H],408.51,2.99,0.0,8.154901959985743
CN1C[C@]2(C)CCCN2[C@H](CS(=O)(=O)NC(=O)Nc2c3c(cc4c2CCC4)CCC3)C1(C)C,474.67,3.06,0.0,8.142667503568731
CC(C)[C@H](NS(=O)(=O)c1ccc([N+](=O)[O-])cc1)C(=O)Nc1c2c(cc3c1CCC3)CCC2,457.55,3.51,0.0,8.126679398184601
CC(C)c1cc(-c2ccc3c(c2)OC(F)(F)O3)cc(C(C)C)c1CC(=O)NS(=O)(=O)c1sc(C(C)(C)O)nc1CO,610.7,5.15,2.0,8.096910013008056
CCOC(=O)C(Cc1ncccn1)OC(=O)Nc1c2c(cc3c1CCC3)CCC2,395.46,3.18,0.0,8.096910013008056
CC(C)(O)c1ccoc1S(=O)(=O)NC(=O)Nc1c2c(cc3c1CCC3)CCC2,404.49,2.99,0.0,8.09151498112135
Cc1c(N[C@@H]2CCCC[C@H]2O)nnc(-c2ccc(C(F)(F)F)cc2O)c1C,381.4,4.2,0.0,8.075720713938118
Cc1ccc(C(F)(F)F)cc1Nc1nc(C(=O)NS(=O)(=O)N2CCCC(S(=O)(=O)N(C)C)CC2)co1,553.59,2.47,1.0,8.065501548756432
CN1CCC[C@]1(C)/C=C/S(=O)(=O)NC(=O)Nc1c2c(cc3c1CCC3)CCC2,403.55,3.11,0.0,8.05551732784983
Cc1c(-c2ccc(C(F)(F)F)cc2O)nnc(NC[C@@H](C)O)c1C#N,352.32,2.84,0.0,8.022276394711152
Cc1cc2c(c(O)c1-c1cc3c(nn1)N([C@@H]1CCCC[C@H]1O)CCO3)CCC2.O=C(O)C(F)(F)F,495.5,3.15,0.0,8.0
Cc1cc2c(c(O)c1-c1cc3c(nn1)N([C@@H]1CCCC[C@H]1O)CCO3)CCO2,383.45,2.59,0.0,7.958607314841775
Cc1ccc(-c2nnc(N[C@@H]3CCCN(C)C3)c3cscc23)c(O)c1,354.48,3.88,0.0,7.958607314841775
N#CN=S(=O)(NC(=O)Nc1c2c(cc3c1CCC3)CCC2)c1cccc(C#N)c1,405.48,3.58,0.0,7.931814138253839
CC(C)c1nn(CC(=O)Nc2ccncn2)c(=O)c2cc(I)nn12,439.22,1.05,0.0,7.920818753952375
CC(C)(N)/C=C/[S+]([O-])(=NC#N)NC(=O)Nc1c2c(cc3c1CCC3)CCC2,387.51,2.9,0.0,7.920818753952375
Cc1c(-c2ccc3c(c2O)CC3)nnc2c1OCCN2[C@@H]1CCCC[C@H]1O.O=C(O)C(F)(F)F,481.47,2.76,0.0,7.920818753952375
COC1CN([C@@H]2COc3c(S(=O)(=O)NC(=O)Nc4c5c(cc6c4CCC6)CCC5)cnn3C2)C1,487.58,1.46,0.0,7.920818753952375
CN(C)[C@@H]1COc2c(S(=O)(=O)NC(=O)Nc3c4c(cc5c3CCC5)CCC4)cnn2C1,445.55,1.69,0.0,7.886056647693163
Cc1nc(N[C@H]2CCCN(CC(C)O)C2)nnc1-c1ccc2c(c1O)CCO2,385.47,1.74,0.0,7.886056647693163
S=c1cc(Cc2ccccn2)[nH]c2nc(Nc3c4c(cc5c3CCC5)CCC4)nn12,414.54,4.49,0.0,7.886056647693163
CCOC(=O)C(Cc1cnccn1)OC(=O)Nc1c2c(cc3c1CCC3)CCC2,395.46,3.18,0.0,7.853871964321762
CCOc1cc(C(=O)N(C)Cc2cccc3cn[nH]c23)ccc1-c1cc(F)cc(C#N)c1,428.47,4.91,0.0,7.853871964321762
CN(Cc1cccc2cn[nH]c12)C(=O)c1ccc(-c2cccc(F)c2)c(OC2CC2)c1,415.47,5.18,1.0,7.853871964321762
Cc1ccc(S(=O)(=O)NC(=O)Nc2c3c(cc4c2CCC4)CCC3)cc1,370.47,3.48,0.0,7.823908740944319
Cc1cnc(-c2nnc(N[C@@H]3CCCN(C)C3)c3ccccc23)c(O)c1,349.44,3.21,0.0,7.823908740944319
Cc1nc(N[C@@H]2CCCN(CCCO)C2)nnc1-c1ccc2c(c1O)CCO2,385.47,1.75,0.0,7.795880017344075
Cc1nc(N[C@H]2CCCN(CCc3ncco3)C2)nnc1-c1ccc2c(c1O)CCO2,422.49,2.59,0.0,7.795880017344075
CCN1CCC[C@H](Nc2nnc(-c3ccc4c(c3O)CCO4)n(C)c2=O)C1,371.44,1.38,0.0,7.795880017344075
CCOc1cc(C(=O)N(C)Cc2cccc3cn[nH]c23)ccc1-c1ccccc1,385.47,4.9,0.0,7.769551078621726
CN(C)c1nn(CC(=O)N[C@H]2C[C@@](C)(O)C2)c(=O)c2cc3sccc3n12,375.45,0.81,0.0,7.769551078621726
CC(C)c1nn(CC(=O)N[C@H]2C[C@@](C)(O)C2)c(=O)c2cc3ccsc3n12,374.47,1.86,0.0,7.735182176990463
CC(C)c1nn(CC(=O)N[C@H]2CN(C3CCC3)CC[C@H]2O)c(=O)c2cc(C3CC3)nn12,428.54,1.0,0.0,7.6777807052660805
N#CN=S(=O)(NC(=O)Nc1c2c(cc3c1CCC3)CCC2)c1ccccc1,380.47,3.71,0.0,7.6777807052660805
Cc1ccc(C(F)(F)F)cc1Nc1nc(C(=O)NS(=O)(=O)N2CCCOCC2)co1,448.42,2.44,0.0,7.6777807052660805
CCOc1cc(C(=O)N(C)Cc2ccc(C)c3cn[nH]c23)ccc1-c1cccc(F)c1,417.48,5.35,1.0,7.657577319177793
N#CN=S(=O)(NC(=O)Nc1c2c(cc3c1CCC3)CCC2)c1ccccn1,381.46,3.1,0.0,7.638272163982407
CC(C)c1nn(CC(=O)Nc2ccc3nncn3c2)c(=O)c2sc(C3CC3)nc12,409.48,2.54,0.0,7.638272163982407
CCNc1nc2c(C(C)C)nn(CC(=O)Nc3ccc4nncn4c3)c(=O)c2s1,412.48,2.09,0.0,7.638272163982407
CCOC(=O)C(Cn1cccn1)OC(=O)Nc1c2c(cc3c1CCC3)CCC2,383.45,3.04,0.0,7.638272163982407
O=C(Nc1c2c(cc3c1CCC3)CCC2)NS(=O)(=O)/C=C/c1nccs1,389.5,3.24,0.0,7.619788758288394
CCNc1cc2c(=O)n(CC(=O)Nc3ccc4nncn4c3)nc(C(C)C)n2n1,395.43,1.13,0.0,7.619788758288394
Cc1ccc(C(F)(F)F)cc1Nc1nc(C(=O)NS(=O)(=O)N(C)C(C)C)co1,420.41,3.06,0.0,7.619788758288394
CC(C)c1nn(CC(=O)Nc2ncc3nc[nH]c3n2)c(=O)c2ccc(C(F)(F)F)cc12,431.38,2.84,0.0,7.619788758288394
CC(C)c1nn(CC(=O)Nc2ccc3nncn3c2)c(=O)c2cc3ccccc3n12,401.43,2.45,0.0,7.619788758288394
CC(C)c1nn(CC(=O)N[C@H]2C[C@](C)(O)C2)c(=O)c2ccc(Br)cc12,408.3,2.31,0.0,7.6020599913279625
CCOc1cc(C(=O)N(C)Cc2cccc3cn[nH]c23)ccc1-c1cccc(F)c1,403.46,5.04,1.0,7.6020599913279625
CC(C)(O)c1coc(S(=O)(=O)[N-]C(=O)Nc2c3c(cc4c2CCC4)CCC3)c1.[Na+],426.47,2.99,0.0,7.552841968657781
CCOc1cc(C(=O)N(C)Cc2cccc3cn[nH]c23)ccc1-c1ccc(F)c(F)c1,421.45,5.18,1.0,7.552841968657781
Cc1c(-c2ccc3c(c2O)CCC3)nnc2c1OCCN2[C@@H]1CCCC[C@H]1O.O=C(O)C(F)(F)F,495.5,3.15,0.0,7.5376020021010435
CCOC(=O)[C@@H](Cc1cnccn1)NC(=O)Nc1c2c(cc3c1CCC3)CCC2,394.48,2.75,0.0,7.522878745280337
CCOC(=O)[C@@H](Cc1ncccn1)NC(=O)Nc1c2c(cc3c1CCC3)CCC2,394.48,2.75,0.0,7.481486060122112
CCOc1cc(C(=O)N(C)Cc2ccc(F)c3cn[nH]c23)ccc1-c1cccc(F)c1,421.45,5.18,1.0,7.481486060122112
N#CN=S(=O)(NC(=O)Nc1c2c(cc3c1CCC3)CCC2)c1ccc(C#N)cc1,405.48,3.58,0.0,7.468521082957745
O=C(Nc1c2c(cc3c1CCC3)CCC2)NS(=O)(=O)c1ccccc1,356.45,3.17,0.0,7.455931955649724
Cc1ccc(C(F)(F)F)cc1Nc1nc(C(=O)NS(=O)(=O)N2CCCN(S(C)(=O)=O)CC2)co1,525.53,1.69,1.0,7.443697499232712
N#CN=S(=O)(NC(=O)Nc1c2c(cc3c1CCC3)CCC2)c1cccnc1,381.46,3.1,0.0,7.440093374963888
CS(C)(=O)=Nc1ccc(S(=O)(=O)NC(=O)Nc2c3c(cc4c2CCC4)CCC3)s1,453.61,3.6,0.0,7.437707135543525
CC(C)c1nn(CC(=O)NC2CCOCC2)c(=O)c2cc3sc(Cl)cc3n12,408.91,2.78,0.0,7.42712839779952
CC(C)(O)c1coc(S(=O)(=O)NC(=O)Nc2c3c(cc4c2CCC4)CCC3)n1,405.48,2.39,0.0,7.421360790031928
Cc1ccc(C(F)(F)F)cc1Nc1nc(C(=O)NS(=O)(=O)N2CCOCC2)co1,434.4,2.05,0.0,7.42021640338319
CC(C)n1ccc(S(=O)(=O)NC(=O)Nc2c3c(cc4c2CCC4)CCC3)n1,388.49,2.95,0.0,7.403402904373539
CN(C)Cc1cc(S(=O)(=O)NC(=O)Nc2c3c(cc4c2CCC4)CCC3)nn1C1CC1,443.57,2.77,0.0,7.3979400086720375
C[C@@H]1CCc2c1nc1c(c2NC(=O)N=[S+]2([O-])NC(=O)c3ccc(C(C)(C)O)cc32)CCC1,454.55,3.56,0.0,7.3979400086720375
CC(C)c1cc(-c2cccc3ccccc23)cc(C(C)C)c1CC(=O)NS(=O)(=O)c1ccc(CN(C)C)cc1,542.75,6.86,2.0,7.3979400086720375
N[S+]([O-])(=NC(=O)Nc1c2c(nc(C(F)(F)F)c1C1CC1)CCC2)c1nn(C2CC2)cc1F,472.47,4.07,0.0,7.394694953858891
CC(C)n1nc(CC(=O)Nc2ccc3c(c2)[nH]c(=O)n3C)c(=O)c2ccc(Br)cc21,470.33,3.1,0.0,7.376750709602099
Cc1ccc(C(F)(F)F)cc1Nc1nc(C(=O)NS(=O)(=O)N2CCCCC2)co1,432.42,3.21,0.0,7.376750709602099
N[S+]([O-])(=NC(=O)Nc1c2c(nc(C3CC3)c1C1CC1)CCC2)c1nn(C2CC2)cc1F,444.54,3.93,0.0,7.367542707815276
CCc1nn(CC(=O)Nc2cccc(O)c2)c(=O)c2cc3sccc3n12,368.42,2.62,0.0,7.366531544420414
C=C1C(=O)O[C@@H]2C[C@@]3(C)CC[C@@H](OC(=O)c4cnc(Cl)cc4Cl)C(=C)[C@@H]3C[C@H]12,422.31,4.78,0.0,7.347077112432058
CC(C)n1nc(CC(=O)Nc2ccncn2)c(=O)c2ccc(Br)cc21,402.25,2.71,0.0,7.337242168318426
CN(C)S(=O)(=O)NC(=O)c1coc(Nc2c3c(cc4c2CCC4)CCC3)n1,390.46,1.93,0.0,7.318758762624412
CN(C)c1ccc(S(=O)(=O)NC(=O)Nc2c3c(cc4c2CCC4)CCC3)c2nsnc12,457.58,3.25,0.0,7.309803919971486
CN(C)S(=O)(=O)NC(=O)c1cnc(Nc2c3c(cc4c2CCC4)CCC3)o1,390.47,1.93,0.0,7.301029995663981
CC(C)c1nc2c(C(C)C)nn(CC(=O)Nc3ccc4nncn4c3)c(=O)c2s1,411.49,2.78,0.0,7.301029995663981
CCOc1cc(C(=O)N(C)Cc2cccc3cn[nH]c23)ccc1-c1cccc(C(F)(F)F)c1,453.46,5.92,1.0,7.2839966563652006
Cc1ccc(C(F)(F)F)cc1Nc1nc(C(=O)NS(=O)(=O)N(C)C)co1,392.36,2.28,0.0,7.275724130399211
O=C(CN1C(=O)c2ccc(Br)c(F)c2C2(CC2)C1=O)Nc1ncc(Cl)cn1,453.66,2.68,0.0,7.259637310505756
O=C(Cc1ccc2cc[nH]c2c1)Nc1cccc(O)c1,266.3,3.05,0.0,7.236572006437063
CN(C)c1ccc(S(=O)(=O)NC(=O)Nc2c3c(cc4c2CCC4)CCC3)c2nonc12,441.51,2.78,0.0,7.221848749616356
CSc1ccc(S(=O)(=O)NC(=O)Nc2c3c(cc4c2CCC4)CCC3)c2nonc12,444.54,3.43,0.0,7.214670164989233
O=C(Nc1c2c(cc3c1CCC3)CCC2)NS(=O)(=O)c1cnn2c1OCCC2,402.48,2.15,0.0,7.200659450546418
Cc1ccc(C(C)(C)C)cc1Nc1nc(C(=O)NS(=O)(=O)N(C)C)co1,380.47,2.56,0.0,7.180456064458132
O=C(Nc1c2c(cc3c1CCC3)CCC2)O[C@H](Cc1ncccn1)C(=O)O,367.41,2.7,0.0,7.180456064458132
CC(=O)N1CCCN(S(=O)(=O)NC(=O)c2coc(Nc3cc(C(F)(F)F)ccc3C)n2)CC1,489.48,2.27,0.0,7.180456064458132
CC(C)c1nn(CC(=O)N[C@@H]2CCCN(C)C2)c(=O)c2cc3scnc3n12,388.5,1.44,0.0,7.167491087293763
CC(C)c1nn(CC(=O)Nc2cccnc2)c(=O)c2cc3sccc3n12,367.43,2.87,0.0,7.161150909262744
O=C(Nc1c2c(cc3c1CCC3)CCC2)NS(=O)(=O)/C=C/c1cccs1,388.51,3.85,0.0,7.154901959985743
CC(C)c1cc2c(=O)n(CC(=O)N[C@@H]3CCCN(C4CCC4)C3)nc(C(C)C)n2c1,413.57,2.88,0.0,7.154901959985743
Cc1csc(/C=C/S(=O)(=O)NC(=O)Nc2c3c(cc4c2CCC4)CCC3)n1,403.53,3.55,0.0,7.119186407719209
CCS(=O)(=O)Cc1csc(/C=C/S(=O)(=O)NC(=O)Nc2c3c(cc4c2CCC4)CCC3)n1,495.65,3.18,0.0,7.102372908709558
CCOc1cc(C(=O)N(C)Cc2cccc3cn[nH]c23)ccc1-c1cccc(C#N)c1,410.48,4.77,0.0,7.0915149811213505
O=C(CN1CC2(CC2)c2cc(Br)ccc2C1=O)Nc1ncc(F)cn1,405.23,2.5,0.0,7.0915149811213505
CN(Cc1cccc2cn[nH]c12)C(=O)c1ccc(-c2cccc(F)c2)c(OC2CCC2)c1,429.5,5.57,1.0,7.075720713938118
CC(C)c1nn(CC(=O)N[C@@H]2CCCN(C)C2)c(=O)c2cc3sc(Cl)cc3n12,421.95,2.7,0.0,7.075720713938118
CC(C)n1cc(S(=O)(=O)NC(=O)Nc2c3c(cc4c2CCC4)CCC3)cn1,388.49,2.95,0.0,7.0655015487564325
CC(C)(O)c1nn(CC(=O)Nc2cccnc2)c(=O)c2cc3sccc3n12,383.43,1.97,0.0,7.0655015487564325
CN1CCC[C@@H](NC(=O)Cn2nc(C(C)(C)O)n3c(cc4sc(Cl)cc43)c2=O)C1,437.95,1.8,0.0,7.045757490560675
CCSCc1csc(/C=C/S(=O)(=O)NC(=O)Nc2c3c(cc4c2CCC4)CCC3)n1,463.65,4.5,0.0,7.031517051446065
Cc1cc(C(F)(F)F)cc(O)c1-c1ccc(Nc2cccnc2)nn1,346.31,4.32,0.0,7.026872146400302
O=C(Nc1c2c(cc3c1CCC3)CCC2)NS(=O)(=O)/C=C/c1ccsc1,388.51,3.85,0.0,7.017728766960431
O=C1Nc2c(ccc3c2CCC3)-c2ccnc(c2)OCCn2cc(F)c(n2)S(=O)(=O)N1,443.46,2.48,0.0,7.0
CC(C)c1c(F)c(F)cc2c1CC(=O)NS(=O)(=O)c1cnn(c1)C(C)(C)COc1cc-2ccn1,490.53,3.52,0.0,7.0
O=S1(=O)c2nnc([nH]2)Nc2c(ccc3c2CCC3)-c2ccnc(c2)OCCCN2CCC3(CC1C3)C2,506.63,3.51,1.0,7.0
CC(C)c1cc(F)c(F)c2c1CC(=O)NS(=O)(=O)c1cnn(c1)C(C)(C)COc1cc-2ccn1,490.53,3.52,0.0,7.0
CC(C)c1cc(NC(=O)NS(=O)(=O)C(c2cnn(C)c2)C2CCCN(C)C2)c(C(C)C)s1,481.69,4.26,0.0,7.0
CC(C)c1cc(F)cc2c1CC(=O)NS(=O)(=O)c1cnn(c1)C(C)(C)COc1cc-2ccn1,472.54,3.38,0.0,7.0
CCc1oc(C(C)C)cc1NC(=O)NS(=O)(=O)C(c1cnn(C)c1)C1CCCN(C)C1,451.59,3.23,0.0,7.0
CC(C)c1cc(F)cc2c1CC(=O)NS(=O)(=O)c1ccn(n1)C(C)(C)COc1cc-2ccn1,472.54,3.38,0.0,7.0
CCc1nn(CC(=O)Nc2ccncn2)c(=O)c2cc3sccc3n12,354.4,1.7,0.0,6.982966660701219
CC(C)c1nn(CC(=O)N[C@@H]2CCCNC2)c(=O)c2cc3sc(Cl)cc3n12,407.93,2.36,0.0,6.97061622231479
O=C(Nc1c2c(cc3c1CCC3)CCC2)NS(=O)(=O)c1ccc(N2CCOCC2)c2nonc12,483.55,2.55,0.0,6.966576244513051
N#CN=S(=O)(NC(=O)Nc1c2c(cc3c1CCC3)CCC2)c1ccncc1,381.46,3.1,0.0,6.958607314841775
CCOc1cc(C(=O)N(C)Cc2ccc(OCF)c3cn[nH]c23)ccc1-c1cccc(F)c1,451.47,5.35,1.0,6.94692155651658
O=C(Cn1nc(C2CC2)n2c(cc3sccc32)c1=O)Nc1cccnc1,365.42,2.62,0.0,6.939302159646388
CC(C)OC(=O)[C@H](Cc1ncccn1)OC(=O)Nc1c2c(cc3c1CCC3)CCC2,409.49,3.57,0.0,6.920818753952375
CC(C)c1nn(CC(=O)Nc2ncc(F)cn2)c(=O)c2ccc(Br)cc12,420.24,2.85,0.0,6.91721462968355
O=C(Nc1c2c(cc3c1CCC3)CCC2)NS(=O)(=O)/C=C/c1cncs1,389.5,3.24,0.0,6.899629454882437
CN(Cc1cccc2cn[nH]c12)C(=O)c1ccc(-c2cccc(F)c2)c(OCC(F)F)c1,439.44,5.29,1.0,6.886056647693163
S=c1cc(CC2CCCCO2)[nH]c2nc(Nc3c4c(cc5c3CCC5)CCC4)nn12,421.57,4.62,0.0,6.886056647693163
CC(C)c1nn(CC(=O)Nc2ccncn2)c(=O)c2cc(I)cn12,438.23,1.65,0.0,6.886056647693163
Cc1ccc(C(C)C)cc1Nc1nc(C(=O)NS(=O)(=O)N(C)C)co1,366.44,2.39,0.0,6.853871964321762
CC(C)(O)c1csc(/C=C/S(=O)(=O)NC(=O)Nc2c3c(cc4c2CCC4)CCC3)n1,447.58,3.47,0.0,6.847711655616943
CC(C)c1nn(CC(=O)Nc2cccnc2)c(=O)c2cc3sc(Cl)cc3n12,401.88,3.52,0.0,6.844663962534939
O=C(Nc1c2c(cc3c1CCC3)CCC2)NS(=O)(=O)c1ccc(Cl)c2nonc12,432.89,3.36,0.0,6.835647144215563
CC(C)c1nn(CC(=O)N[C@H]2C[C@@](C)(O)C2)c(=O)c2cc3c(n12)CC(C)(C)C3,386.5,1.77,0.0,6.827105302247824
Cc1ccc2c(c1Nc1nc(C(=O)NS(=O)(=O)N(C)C)co1)CCC2,364.43,1.75,0.0,6.823908740944319
CC(C)c1nn(Cc2nnc(-c3ccc(F)nc3F)o2)c(=O)c2cc3sc(Cl)cc3n12,462.87,4.26,0.0,6.795880017344075
O=C(Nc1c2c(cc3c1CCC3)CCC2)NS(=O)(=O)/C=C/c1ccncc1,383.47,3.18,0.0,6.785156151952302
CC(C)c1ccc(CC(=O)Nc2cccc(O)c2)cc1,269.34,3.7,0.0,6.752517739322946
CC(C)c1nn(CC(=O)Nc2ncncc2F)c(=O)c2ccc(C(F)(F)F)cc12,409.34,3.11,0.0,6.7447274948966935
CCOC(=O)C(Cn1cccn1)OC(=O)Nc1c(C)cccc1C,331.37,2.68,0.0,6.721246399047171
CCOc1cc(C(=O)N(C)Cc2cccc3cn[nH]c23)ccc1-c1ccccc1F,403.46,5.04,1.0,6.703334809738469
CC(C)c1cc(C#N)c(F)c(C(C)C)c1CC(=O)NS(=O)(=O)c1sc(C(C)(C)O)nc1CCO,511.64,3.21,1.0,6.698970004336019
CC(C)(O)c1coc(/C=C/S(=O)(=O)NC(=O)Nc2c3c(cc4c2CCC4)CCC3)c1,430.53,3.61,0.0,6.681936665037238
Cn1cc(S(=O)(=O)NC(=O)Nc2c3c(cc4c2CCC4)CCC3)cn1,360.44,1.91,0.0,6.6777807052660805
CC(C)c1cc(Cl)cc(C(C)C)c1NC(=O)NS(=O)(=O)c1cccc(C(C)O)c1,438.98,5.15,1.0,6.6777807052660805
CC(C)c1nn(CC(=O)Nc2cccnc2)c(=O)c2cc3sc(F)cc3n12,385.42,3.01,0.0,6.6439741428068775
CC(C)(O)c1coc(S(=O)(=O)NC(=O)Nc2c3c(cc4c2C(O)CC4)CCC3)c1,420.49,2.49,0.0,6.634512015109101
COc1ccc(CC(=O)Nc2cccc(O)c2)cc1,257.29,2.58,0.0,6.621238824683627
O=c1cc(Cc2ccccn2)[nH]c2nc(Nc3c4c(cc5c3CCC5)CCC4)nn12,398.47,3.12,0.0,6.619788758288394
CC[S+]([O-])Cc1csc(/C=C/S(=O)(=O)NC(=O)Nc2c3c(cc4c2CCC4)CCC3)n1,479.65,3.51,0.0,6.614393726401688
O=C(Nc1c2c(cc3c1CCC3)CCC2)NS(=O)(=O)c1ccc(N2CC3CCC(C2)O3)c2nonc12,509.59,3.08,1.0,6.614393726401688
O=C(Nc1c2c(cc3c1CCC3)CCC2)NS(=O)(=O)c1ccc(NC2CC(F)(F)C2)c2nonc12,503.53,3.92,1.0,6.607303046740334
Cc1nc(C(C)C)c(NC(=O)NS(=O)(=O)c2cc(C(C)(C)O)co2)n1-c1ccncc1,447.52,3.03,0.0,6.6020599913279625
CS(=O)(=O)NC(=O)Nc1c(-c2ccnc(OC3CCN(Cc4ccccc4)CC3)c2)ccc2c1CCC2,520.66,4.36,1.0,6.6020599913279625
CCc1nn(CC(=O)Nc2cccnc2)c(=O)c2cc3sccc3n12,353.41,2.31,0.0,6.6020599913279625
Cc1cc2c(c(NC(=O)N[S+](=N)([O-])c3ccccc3)c1-c1ccnc(OC3CCN(C)CC3)c1)CCC2,519.67,5.16,2.0,6.6020599913279625
CN1CCC(Oc2cc(-c3ccc4c(c3NC(=O)NS(=O)(=O)C3CC3)CCC4)ccn2)CC1,470.6,3.32,0.0,6.6020599913279625
Cc1cc2c(c(NC(=O)NS(=O)(=O)c3cc(C(C)(C)O)co3)c1-c1ccnc(OC3CCN(C)CC3)c1)CCC2,568.7,4.35,1.0,6.6020599913279625
O=C(Nc1c2c(cc3c1CCO3)CCC2)NS(=O)(=O)c1ccn(C2CC2)n1,388.45,2.15,0.0,6.6020599913279625
CC(C)c1cc(Cl)cc(C(C)C)c1NC(=O)NS(=O)(=O)c1cccc(C(C)(C)O)c1,453.0,5.32,1.0,6.585026652029182
CC(C)c1ccc2c(c1Nc1nc(C(=O)NS(=O)(=O)N(C)C)co1)CCC2,392.48,2.57,0.0,6.585026652029182
COc1ccccc1CCNC(=O)/C(=C/c1ccc(Br)cc1)CS(=O)(=O)CCC#N,491.41,3.53,0.0,6.585026652029182
CCOc1cc(C(=O)N(C)Cc2ccc(C#N)c3cn[nH]c23)ccc1-c1cccc(F)c1,428.47,4.91,0.0,6.570247719997592
Clc1ccc(-c2nnc(NCC3CCCO3)c3ccccc23)cc1,339.83,4.54,0.0,6.568636235841013
CCOC(=O)C(Cc1ncccn1)OC(=O)Nc1c(C)cccc1C,343.38,2.82,0.0,6.568636235841013
[2H]C([2H])(c1nnc(-c2ccc(C(F)(F)F)nc2Cl)o1)n1nc(C(C)C)n2c(cc3sc(Cl)cc32)c1=O,531.34,5.65,2.0,6.552841968657781
Cc1cc(C(F)(F)F)cc(O)c1-c1ccc(Nc2cncnc2)nn1,347.3,3.71,0.0,6.55129368009492
CC(C)c1nn(CC(=O)Nc2ncccn2)c(=O)cc1-c1cc(F)cc(F)c1,385.37,2.74,0.0,6.539102157243452
CCOc1cc(C(=O)N(C)Cc2ccc(Cl)c3cn[nH]c23)ccc1-c1cccc(F)c1,437.9,5.69,1.0,6.5376020021010435
Cc1c2c(c(NC(=O)NS(=O)(=O)/C=C/c3nccs3)c3c1CCC3)CCC2,403.53,3.55,0.0,6.531652669587842
CN1CCN(C(=O)c2cnc(Nc3c4c(cc5c3CCC5)CCC4)o2)S1(=O)=O,402.48,2.03,0.0,6.522878745280337
CCCCCN1C(=O)/C(=C2\SC(=S)N(Cc3ccco3)C2=O)c2cc(Br)ccc21,491.43,5.35,1.0,6.522878745280337
O=C(Nc1c2c(cc3c1CCC3)CCC2)NS(=O)(=O)/C=C/c1nc(CO)cs1,419.53,2.74,0.0,6.51427857351842
Cc1ccc(C2CCC2)cc1Nc1nc(C(=O)NS(=O)(=O)N(C)C)co1,378.45,2.53,0.0,6.508638306165727
CC(C)c1nn(Cc2nnc(C3CCCC3)o2)c(=O)c2cc3sc(Cl)cc3n12,417.92,4.58,0.0,6.494850021680094
CC(C)c1nn(Cc2nnc(-c3ccc(C(F)(F)F)nc3Cl)o2)c(=O)c2cc3sc(Cl)cc3n12,529.33,5.65,2.0,6.494850021680094
Cc1ccc(-c2nnc(Cn3nc(C(C)C)n4c(cc5sc(Cl)cc54)c3=O)o2)c(Cl)n1,475.36,4.94,0.0,6.481486060122113
CCc1nn(CC(=O)Nc2ccccc2)c(=O)c2cc3sccc3n12,352.42,2.91,0.0,6.481486060122113
Cn1ccc(S(=O)(=O)NC(=O)Nc2c3c(cc4c2CCC4)CCC3)n1,360.44,1.91,0.0,6.468521082957745
CCCOc1cc(C(=O)N(C)Cc2cccc3cn[nH]c23)ccc1-c1cccc(F)c1,417.48,5.43,1.0,6.465973893943865
CN(C)C(=O)c1csc(/C=C/S(=O)(=O)NC(=O)Nc2c3c(cc4c2CCC4)CCC3)n1,460.58,2.94,0.0,6.46344155742847
Clc1ccc(-c2nnc(NCC3CCCO3)c3cnccc23)cc1,340.81,3.94,0.0,6.443697499232712
CC(C)c1nn(Cc2nnc(-c3cnccc3C(F)(F)F)o2)c(=O)c2cc3sc(Cl)cc3n12,494.89,5.0,0.0,6.443697499232712
O=C(Nc1c2c(cc3c1CCC3)CCC2)NS(=O)(=O)/C=C/c1cscn1,389.5,3.24,0.0,6.432973633840939
CC(C)c1nn(Cc2nnc(C3CCOC3)o2)c(=O)c2cc3sc(Cl)cc3n12,419.89,3.42,0.0,6.431798275933005
CC(C)c1nn(Cc2nnc(C3CCC3)o2)c(=O)c2cc3sc(Cl)cc3n12,403.9,4.19,0.0,6.431798275933005
CC(C)c1nn(Cc2nnc(-c3cccc(C#N)c3)o2)c(=O)c2cc3sc(Cl)cc3n12,450.91,4.46,0.0,6.42021640338319
O=C(Cc1ccc(OC(F)F)cc1)Nc1cccc(O)c1,293.27,3.17,0.0,6.419873674588417
CCOc1ccc(CC(=O)Nc2cccc(O)c2)cc1,271.32,2.97,0.0,6.411952503013917
CC(C)c1nn(Cc2nnc(-c3ccnc(Cl)n3)o2)c(=O)c2cc3sc(Cl)cc3n12,462.32,4.03,0.0,6.4089353929735005
COCCN1C(=O)/C(=C2/C(=O)Nc3ccccc32)SC1=S,320.4,1.86,0.0,6.3979400086720375
O=C(Nc1c2c(cc3c1CCC3)CCC2)NS(=O)(=O)c1cnn2c1CCCC2,400.5,2.71,0.0,6.3872161432802645
N#CCCS(=O)(=O)C/C(=C\c1ccc(Br)cc1)C(=O)NCCc1cccc(Cl)c1,495.83,4.17,0.0,6.366531544420414
CC(C)c1nn(Cc2nnc(-c3cccc(F)c3)o2)c(=O)c2cc3sc(Cl)cc3n12,443.89,4.72,0.0,6.366531544420414
O=C(Nc1c2c(cc3c1CCC3)CCC2)NS(=O)(=O)c1cnn2cccnc12,397.46,2.22,0.0,6.366531544420414
Cc1ncc(S(=O)(=O)NC(=O)Nc2c3c(cc4c2CCC4)CCC3)s1,377.49,2.94,0.0,6.366531544420414
CCOC(=O)COC(=O)Nc1c2c(cc3c1CCC3)CCC2,303.36,2.78,0.0,6.356547323513812
Cc1ccc(-c2nnc(Cn3nc(C(C)C)n4c(cc5sc(Cl)cc54)c3=O)o2)cn1,440.92,4.29,0.0,6.356547323513812
CCOC(=O)COC(=O)Nc1c(C)cccc1C(C)C,279.34,3.23,0.0,6.356547323513812
O=C(Nc1c2c(cc3c1CCC3)CCC2)NS(=O)(=O)c1ccco1,346.41,2.77,0.0,6.356547323513812
O=C([N-]S(=O)(=O)c1ccco1)Nc1c2c(cc3c1CCC3)CCC2.[K+],384.5,2.77,0.0,6.346787486224656
C=C1C(=O)[C@@]23C(CC[C@@H]1[C@H]2OC(=O)Nc1cccc(Cl)c1)[C@@]12CO[C@]3(O)[C@@H](O)[C@@H]1C(C)(C)CC[C@@H]2O,518.01,3.29,1.0,6.346787486224656
COC(C)(C)Cn1ccc(S(=O)(=O)c2nnc(Nc3c4c(cc5c3CCC5)CCC4)[nH]2)n1,456.57,2.98,0.0,6.301029995663981
CC(C)c1cccc2c1CC(=O)NS(=O)(=O)c1cnn(c1)C(C)(C)COc1cc-2ccn1,454.55,3.24,0.0,6.301029995663981
CC(C)c1nn(Cc2nnc(-c3cc(F)cnc3Cl)o2)c(=O)c2cc3sc(Cl)cc3n12,479.32,4.77,0.0,6.301029995663981
C=CCN1C(=O)/C(=C2/C(=O)Nc3ccccc32)SC1=S,302.38,2.4,0.0,6.301029995663981
CC(C)c1cccc2c1CC(=O)NS(=O)(=O)c1nn(cc1F)C(C)(C)COc1cc-2ccn1,472.54,3.38,0.0,6.301029995663981
COc1cn2nc1S(=O)(=O)NC(=O)Cc1c(cccc1C(C)C)-c1ccnc(c1)OCC2(C)C,484.58,3.25,0.0,6.301029995663981
CC(C)c1cc(F)c(F)c2c1CC(=O)NS(=O)(=O)c1nn(cc1F)C(C)(C)COc1cc-2ccn1,508.52,3.66,1.0,6.301029995663981
CC(C)c1nn(Cc2nnc(-c3cnccc3Cl)o2)c(=O)c2cc3sc(Cl)cc3n12,461.33,4.63,0.0,6.301029995663981
CC(C)c1cccc2c1CC(=O)NS(=O)(=O)c1cnn(c1)C1(CC1)COc1cc-2ccn1,452.54,3.0,0.0,6.301029995663981
Cc1ccc(C)c(Nc2nc(C(=O)NS(=O)(=O)N(C)C)co2)c1,338.39,1.57,0.0,6.292429823902063
C=C1C(=O)O[C@@H]2C[C@@]3(C)CC[C@@H](OC(=O)c4cc(Cl)cnc4Cl)C(=C)[C@@H]3C[C@H]12,422.31,4.78,0.0,6.292429823902063
CC(C)Oc1cc(C(=O)N(C)Cc2cccc3cn[nH]c23)ccc1-c1cccc(F)c1,417.48,5.43,1.0,6.291579099865287
Cc1ccc(C(F)(F)F)nc1Nc1nc(C(=O)NS(=O)(=O)N(C)C)co1,393.35,1.68,0.0,6.259637310505756
O=C(Nc1cccc(Cl)c1)c1cc(N=Nc2ccc([N+](=O)[O-])cc2Cl)ccc1O,431.24,6.27,1.0,6.247183568811728
C=C1C(=O)O[C@@H]2C[C@@]3(C)CC[C@@H](OC(=O)c4c(Cl)ccnc4Cl)C(=C)[C@@H]3C[C@H]12,422.31,4.78,0.0,6.2441251443275085
CCOC(=O)COC(=O)Nc1c(C)cc(C)cc1C,265.31,2.72,0.0,6.229147988357855
Cc1cc(=S)n2nc(Nc3c4c(cc5c3CCC5)CCC4)nc2[nH]1,337.45,3.82,0.0,6.221848749616356
CCc1nn(CC(=O)Nc2cccc(C(C)=O)c2)c(=O)c2cc3sccc3n12,394.46,3.11,0.0,6.204119982655925
CCOc1cc(C(=O)N(C)Cc2ccc(OC)c3cn[nH]c23)ccc1-c1cccc(F)c1,433.48,5.05,1.0,6.204119982655925
CN(C)[C@@H]1CCCC[C@H]1N(C)c1ccc(S(=O)(=O)NC(=O)Nc2c3c(cc4c2CCC4)CCC3)c2nonc12,552.7,4.02,1.0,6.196542884351586
Cc1cccc(S(=O)(=O)NC(=O)Nc2c(C(C)C)cccc2C(C)C)c1,374.51,4.75,0.0,6.195860567664649
Cc1cccc(C(=O)NNC(=O)c2c(O)c3ccccc3n(C)c2=O)c1,351.36,1.63,0.0,6.1938200260161125
CC(C)c1nn(Cc2nnc(-c3ccc(C(F)(F)F)nc3)o2)c(=O)c2cc3sc(Cl)cc3n12,494.89,5.0,0.0,6.1938200260161125
O=C(Nc1c2c(cc3c1CCC3)CCC2)NS(=O)(=O)c1ccc(N2C[C@@H]3[C@@H](CO)[C@@H]3C2)c2nonc12,509.59,2.39,1.0,6.193141970481182
O=C(Cc1ccc(Br)cc1)Nc1cccc(O)c1,306.16,3.34,0.0,6.190238334892875
COc1c(OC(C)=O)c(=O)n2c3ccccc3c3ccnc1c32,308.29,2.37,0.0,6.1771783546968955
CC(C)c1nn(Cc2nnc(-c3cncc(C(F)(F)F)c3)o2)c(=O)c2cc3sc(Cl)cc3n12,494.89,5.0,0.0,6.173925197299173
N#CCCS(=O)(=O)C/C(=C\c1ccc(Br)cc1)C(=O)NCCc1ccccc1Br,540.28,4.28,1.0,6.167491087293763
CN(Cc1cccc2cn[nH]c12)C(=O)c1ccc(-c2cccc(F)c2)c(OC2COC2)c1,431.47,4.42,0.0,6.166215625343521
CC(C)c1nn(Cc2nnc(-c3ccncc3Cl)o2)c(=O)c2cc3sc(Cl)cc3n12,461.33,4.63,0.0,6.154901959985743
N#CCCS(=O)(=O)C/C(=C\c1ccc(Br)cc1)C(=O)NCCc1ccccc1Cl,495.83,4.17,0.0,6.1487416512809245
CC(C)c1nn(Cc2nnc(-c3ncccc3Cl)o2)c(=O)c2cc3sc(Cl)cc3n12,461.33,4.63,0.0,6.113509274827518
CC(C)c1cccc(C(C)C)c1NC(=O)NS(=O)(=O)c1ccc(Br)s1,445.4,5.27,1.0,6.104577453960592
O=C(Nc1ccc(Cl)cc1)Nc1ccc(Cl)c(Cl)c1,315.59,5.29,1.0,6.094204119632131
CCOC(=O)COC(=O)Nc1c(CC)cccc1CC,279.34,2.92,0.0,6.0915149811213505
N#CCCS(=O)(=O)C/C(=C\c1ccc(Br)cc1)C(=O)NCCc1cccc(Br)c1,540.28,4.28,1.0,6.0915149811213505
CC(=O)Oc1c(I)cc(I)cc1C(=O)Nc1ccc(Cl)cc1,541.51,4.73,1.0,6.089909454405932
CCOC(=O)c1coc(Nc2c3c(cc4c2CCC4)CCC3)n1,312.37,3.57,0.0,6.086186147616283
C=C1C(=O)O[C@@H]2C[C@@]3(C)CC[C@@H](OC(=O)/C=C/C(=O)c4ccccc4)C(=C)[C@@H]3C[C@H]12,406.48,4.2,0.0,6.075720713938118
CC(C)c1nn(Cc2nnc(-c3cccnc3Cl)o2)c(=O)c2cc3sc(Cl)cc3n12,461.33,4.63,0.0,6.060480747381382
c1ccc(C2Nc3ccccc3C3OCCCC23)cc1,265.36,4.32,0.0,6.055024091587952
C=C1C(=O)O[C@@H]2C[C@@]3(C)CC[C@@H](OC(=O)/C=C/C(=O)c4ccc(F)cc4)C(=C)[C@@H]3C[C@H]12,424.47,4.34,0.0,6.040958607678906
CC(C)c1nn(CC(=O)N[C@@H]2CCCN(C3CCC3)C2)c(=O)cc1-c1cccc(Cl)c1,442.99,3.82,0.0,6.040958607678906
CCOC(=O)COC(=O)Nc1c(C)cccc1C,251.28,2.42,0.0,6.031517051446065
CCOC(=O)c1cnc(Nc2c3c(cc4c2CCC4)CCC3)o1,312.37,3.57,0.0,6.026872146400302
CC(C)(C)OC(=O)NC1CN(c2ccc(S(=O)(=O)NC(=O)Nc3c4c(cc5c3CCC5)CCC4)c3nonc23)C1,568.66,3.42,1.0,6.023650020996727
O=C(Nc1c2c(cc3c1CCC3)CCC2)NS(=O)(=O)c1cnccn1,358.42,1.96,0.0,6.017728766960431
N#CCCS(=O)(=O)C/C(=C\c1ccc(Br)cc1)C(=O)NCCc1ccncc1,462.37,2.91,0.0,6.017728766960431
CC(C)c1nn(Cc2nnc(-c3cccc(C(F)(F)F)c3)o2)c(=O)c2cc3sc(Cl)cc3n12,493.9,5.6,1.0,6.013228265733755
CCOC(=O)COC(=O)Nc1cc(C)ccc1C,251.28,2.42,0.0,6.013228265733755
C=C1C(=O)O[C@@H]2C[C@@]3(C)CC[C@@H](OC(=O)/C=C/C(=O)c4ccc(C(F)(F)F)cc4)C(=C)[C@@H]3C[C@H]12,474.48,5.22,1.0,6.00436480540245
COc1cc(C)c(S(=O)(=O)NC(=O)Nc2c3c(cc4c2CCC4)CCC3)cn1,401.49,2.89,0.0,6.0
CC(C)c1cc(F)cc(-c2ccnc(C#N)c2)c1CC(=O)NS(=O)(=O)c1cnn(C2CC2)n1,468.51,2.86,0.0,6.0
Cn1ncc2ccc(S(=O)(=O)NC(=O)Nc3c4c(cc5c3CCC5)CCC4)cc21,410.5,3.06,0.0,6.0
Cc1cc(C)c(C)c(NC(=O)NS(=O)(=O)/C=C/c2nccs2)c1C,365.48,3.5,0.0,6.0
O=C(Nc1ccccc1C(F)(F)F)NS(=O)(=O)/C=C/c1nccs1,377.37,3.28,0.0,6.0
CC(C)OC(=O)c1nc(Nc2c3c(cc4c2CCC4)CCC3)cs1,342.46,4.43,0.0,6.0
N#CC(NC(=O)Nc1c2c(cc3c1CCC3)CCC2)c1ccccc1,331.42,4.05,0.0,6.0
CCOC(=O)COC(=O)Nc1c(Cl)cccc1Cl,292.12,3.11,0.0,6.0
CC(C)c1cccc(C(C)C)c1NC(=O)NS(=O)(=O)/C=C/c1nccs1,393.53,4.51,0.0,6.0
Cc1ccc(S(=O)(=O)NS(=O)(=O)Nc2c3c(cc4c2CCC4)CCC3)cc1,406.53,2.61,0.0,6.0
CC(C)(O)c1ccc2c(c1)[S+]([O-])(NC(=O)Nc1c3c(cc4c1CCC4)CCC3)=NC2=O,439.54,3.61,0.0,6.0
Cc1ccc(S(=O)(=O)NC(=O)C(=O)c2c3c(cc4c2CCC4)CCC3)cc1,383.47,2.66,0.0,6.0
Cc1ccc(S(=O)(=O)N/C(=N\C#N)Nc2c3c(cc4c2CCC4)CCC3)cc1,394.5,3.2,0.0,6.0
CC(C)c1cc(F)cc(-c2ccnc(C#N)c2)c1CC(=O)NS(=O)(=O)c1cnn(C2CC2)c1,467.53,3.46,0.0,6.0
CC(C)c1cc(F)cc(-c2ccnc(C#N)c2)c1CC(=O)NS(=O)(=O)c1cn(C2CC2)cn1,467.53,3.46,0.0,6.0
O=C(Nc1c2c(cc3c1CCC3)CCC2)NC1(c2ccccc2)COC1,348.45,3.71,0.0,6.0
CC(=O)N=S(=O)(NC(=O)Nc1c2c(cc3c1CCC3)CCC2)c1ccc(C)cc1,411.53,4.08,0.0,6.0
Cc1ccc(S(=O)(=NCC(F)(F)F)NC(=O)Nc2c3c(cc4c2CCC4)CCC3)cc1,451.51,5.1,1.0,6.0
Cc1ccc(S(=O)(=O)Nc2c(Nc3c4c(cc5c3CCC5)CCC4)c(=O)c2=O)cc1,422.51,3.11,0.0,6.0
CS(=O)(=O)CCC#N,133.17,-0.06,0.0,6.0
O=C(Nc1cc(C(F)(F)F)ccc1C(F)(F)F)NS(=O)(=O)/C=C/c1nccs1,445.37,4.3,0.0,6.0
COc1cc(-c2ccc3c(c2NC(=O)NS(=O)(=O)c2cn(C(C)C)c(=O)cn2)CCC3)ccn1,483.55,2.89,0.0,6.0
Cc1ccc(S(=O)(=Nc2ccn[nH]2)NC(=O)Nc2c3c(cc4c2CCC4)CCC3)cc1,435.55,4.59,0.0,6.0
CC(C)c1cc(F)cc(C(C)C)c1CC(=O)NS(=O)(=O)c1ncn(C2CC2)n1,408.5,3.05,0.0,6.0
O=C(Nc1c(F)cccc1C(F)(F)F)NS(=O)(=O)/C=C/c1nccs1,395.36,3.42,0.0,6.0
N#Cc1cc(-c2ccc3c(c2CC(=O)NS(=O)(=O)c2cnn(C4CC4)c2)CCC3)ccn1,447.52,2.69,0.0,6.0
O=C(Nc1c2c(cc3c1CCC3)CCC2)NC(c1ccccc1)C(F)(F)F,374.41,5.09,1.0,6.0
O=C(Nc1c(C2CC2)ccc2c1CCC2)NS(=O)(=O)c1cc2c(o1)C1CCN(CC1)C2,441.55,3.85,0.0,6.0
CC(C)c1cc(F)cc(-c2cccnc2)c1CC(=O)NS(=O)(=O)c1cn(C2CC2)cn1,442.52,3.59,0.0,6.0
Cc1ccc(S(=O)(=Nc2ccc(F)cc2)NC(=O)Nc2c3c(cc4c2CCC4)CCC3)cc1,463.58,6.01,1.0,6.0
O=C(Nc1c2c(cc3c1CCC3)CCC2)NS(=O)(=O)/C=C/c1nc2ccccc2s1,439.56,4.4,0.0,6.0
CN=S(=O)(NC(=O)Nc1c2c(cc3c1CCC3)CCC2)c1ccc(C)cc1,383.52,4.17,0.0,6.0
Cc1ccc(S(=O)(=O)NC(=O)Cc2c3c(cc4c2CCC4)CCC3)cc1,369.49,3.02,0.0,6.0
O=C(Cc1c2c(cc3c1CCC3)CCC2)NS(=O)(=O)c1cnn(C2CC2)c1,385.49,2.24,0.0,6.0
Cc1ccc(S(=O)(=O)NC(=O)C(=O)Nc2c3c(cc4c2CCC4)CCC3)cc1,398.48,2.42,0.0,6.0
COc1cccc(OC)c1NC(=O)NS(=O)(=O)/C=C/c1nccs1,369.42,2.28,0.0,6.0
O=C(Nc1c2c(cc3c1OCC3)OCC2)NS(=O)(=O)/C=C/c1nccs1,393.45,2.14,0.0,6.0
O=C(Nc1c2c(cc3c1CCC3)CCC2)NS(=O)(=O)/C=C/c1ccccn1,383.47,3.18,0.0,6.0
O=C(Nc1c2c(cc3c1CCC3)CCC2)NS(=O)(=O)c1cc2c(o1)C1CCN(CC1)C2,441.55,3.46,0.0,6.0
CON=S(=O)(NC(=O)Nc1c2c(cc3c1CCC3)CCC2)c1ccc(C)cc1,399.52,4.1,0.0,6.0
Cc1ccc(S(=O)(=NC(N)=O)NC(=O)Nc2c3c(cc4c2CCC4)CCC3)cc1,412.52,3.61,0.0,6.0
COc1cc(-c2cc(F)cc(C(C)C)c2C(O)C(=O)NS(=O)(=O)c2cnn(C3CC3)c2)ccn1,488.54,3.09,0.0,6.0
C/C1=C\CC[C@]2(C)O[C@@H]2[C@H]2OC(=O)[C@@H](CN(C)CCOc3no[n+]([O-])c3S(=O)(=O)c3ccccc3)[C@@H]2CC1,547.63,2.29,1.0,6.0
COc1cc(-c2ccc3c(c2CC(=O)NS(=O)(=O)c2cnn(C4CC4)n2)CCC3)ccn1,453.52,2.22,0.0,6.0
O=C(Nc1c2c(cc3c1CCC3)CCC2)NP(=O)(O)c1ccccc1,356.36,3.3,0.0,6.0
COC1(c2cc(S(=O)(=O)NC(=O)Cc3c(-c4ccnc(C#N)c4)ccc4c3CCC4)nn2C(C)C)COC1,535.63,2.81,1.0,6.0
Cc1ccc(S(=O)(=O)NC(=O)C(O)c2c3c(cc4c2CCC4)CCC3)cc1,385.49,2.51,0.0,6.0
CCN1CCC(S(=O)(=O)NC(=O)Nc2c3c(cc4c2CCC4)CCC3)CC1,391.54,2.6,0.0,6.0
CCOC(=O)N=S(=O)(NC(=O)Nc1c2c(cc3c1CCC3)CCC2)c1ccc(C)cc1,441.55,4.69,0.0,6.0
N#CCCS(=O)(=O)C/C(=C\c1ccc(Br)cc1)C(=O)NCCc1ccccc1F,479.37,3.66,0.0,5.991399828238082
Cl.O=C(CCS(=O)(=O)c1ccccc1)N(CCCN1CCOCC1)c1nc2c(F)cccc2s1,528.07,3.35,0.0,5.978810700930062
Cc1cnc(/C=C/S(=O)(=O)NC(=O)Nc2c3c(cc4c2CCC4)CCC3)s1,403.53,3.55,0.0,5.974284616098659
N#CCCS(=O)(=O)C/C(=C\c1ccc(Br)cc1)C(=O)NCCc1ccccc1,461.38,3.52,0.0,5.97061622231479
CCN(CC)c1ccc2nc3ccc(N)cc3[n+](-c3ccccc3)c2c1.[Cl-],378.91,4.09,0.0,5.966576244513051
O=C(Nc1c2c(cc3c1CCC3)CCC2)NS(=O)(=O)c1cccnc1,357.44,2.57,0.0,5.966576244513051
O=C(Cc1ccc(C(F)(F)F)cc1)Nc1cccc(O)c1,295.26,3.59,0.0,5.96537154337468
C=C1C(=O)O[C@@H]2C[C@@]3(C)CC[C@@H](OC(=O)c4ccc(C(F)(F)F)cc4)C(=C)[C@@H]3C[C@H]12,420.43,5.09,1.0,5.950781977329818
C=C1C(=O)O[C@@H]2C[C@@]3(C)CC[C@@H](OC(=O)/C=C/C(=O)OCC)C(=C)[C@@H]3C[C@H]12,374.43,2.88,0.0,5.94692155651658
CC(C)c1nn(C2(C(=O)Nc3ncccn3)CC2)c(=O)cc1-c1cc(F)cc(F)c1,411.41,3.23,0.0,5.943095148663527
CCc1nn(CC(=O)NC2CCCNC2)c(=O)c2cc3sccc3n12,359.46,1.14,0.0,5.939302159646388
C=C1C(=O)O[C@@H]2C[C@@]3(C)CC[C@@H](OC(=O)c4ccc(F)cc4)C(=C)[C@@H]3C[C@H]12,370.42,4.22,0.0,5.924453038607469
CC(C)NC(=O)c1c(O)nc2ccccc2c1O,246.27,1.78,0.0,5.924453038607469
C=C1C(=O)O[C@@H]2C[C@@]3(C)CC[C@@H](OC(=O)c4ccccc4)C(=C)[C@@H]3C[C@H]12,352.43,4.08,0.0,5.913640169325252
CCSc1nsc(NC(=O)Nc2cccc(F)c2)n1,298.37,3.43,0.0,5.913640169325252
COc1ccc(C/C(=N\O)c2nc3ccc(OC)cc3o2)cc1,312.32,3.27,0.0,5.913640169325252
C=C1C(=O)O[C@@H]2C[C@@]3(C)CC[C@@H](OC(=O)/C=C/C(=O)c4ccc(OC)cc4)C(=C)[C@@H]3C[C@H]12,436.5,4.21,0.0,5.910094888560602
C=C1C(=O)O[C@@H]2C[C@@]3(C)CC[C@@H](OC(=O)/C=C/c4ccccc4)C(=C)[C@@H]3C[C@H]12,378.47,4.48,0.0,5.910094888560602
CC(C)(O)c1coc(S(=O)(=O)NC(=O)Nc2c3c(cc4c2CC[C@H]4O)CCC3)c1,420.49,2.49,0.0,5.907279355315901
CC(C)c1nn(Cc2nnc(-c3ccncn3)o2)c(=O)c2cc3sc(Cl)cc3n12,427.88,3.38,0.0,5.906578314837765
O=c1cc(CC2CCCCO2)[nH]c2nc(Nc3c4c(cc5c3CCC5)CCC4)nn12,405.5,3.25,0.0,5.886056647693163
COc1c(/C=C/C(=O)c2ccccc2)cc(OC)c2occc12,308.33,4.35,0.0,5.886056647693163
C=C1C(=O)O[C@@H]2C[C@@]3(C)CC[C@@H](OC(=O)/C=C/C(=O)c4ccc(C)cc4)C(=C)[C@@H]3C[C@H]12,420.51,4.51,0.0,5.886056647693163
O=C(Nc1c2c(cc3c1CCC3)CCC2)NS(=O)(=O)c1ccccn1,357.44,2.57,0.0,5.876148359032914
C=C1C(=O)O[C@@H]2C[C@@]3(C)CC[C@@H](NC(=O)/C=C/C(=O)c4ccc(F)cc4)C(=C)[C@@H]3C[C@H]12,423.48,3.91,0.0,5.872895201635193
Cc1ccc(S(=O)(=O)NC(=O)Nc2c(C(C)C)cccc2C(C)C)cc1,374.51,4.75,0.0,5.864231485432177
CC(C)c1cc(Br)cc(C(C)C)c1NC(=O)NS(=O)(=O)c1ccc2ccccc2c1,489.44,6.36,1.0,5.856985199745905
CCOC(=O)COC(=O)Nc1cccc(C)c1C,251.28,2.42,0.0,5.853871964321762
CN[C@H]1COc2c(S(=O)(=O)NC(=O)Nc3c4c(cc5c3CCC5)CCC4)cnn2C1,431.52,1.35,0.0,5.853871964321762
C=C1C(=O)O[C@@H]2C[C@@]3(C)CC[C@@H](NC(=O)/C=C/C(=O)c4ccccc4)C(=C)[C@@H]3C[C@H]12,405.49,3.77,0.0,5.847711655616943
COc1ccc(NC(=O)C#Cc2ccccc2)cc1,251.28,2.69,0.0,5.841637507904751
CCOC(=O)COC(=O)Nc1c(C)cccc1CC,265.31,2.67,0.0,5.823908740944319
COC(=O)[C@@H](Cc1cccc(C#N)c1)NC(=O)Nc1c2c(cc3c1CCC3)CCC2,403.48,3.44,0.0,5.823908740944319
COC(=O)[C@@H](Cc1ccc(C#N)cc1)NC(=O)Nc1c2c(cc3c1CCC3)CCC2,403.48,3.44,0.0,5.823908740944319
CC(C)c1cc(F)cc(-c2ccncc2)c1CC(=O)NS(=O)(=O)c1ccn(C2CC2)n1,442.52,3.59,0.0,5.823908740944319
COc1cc(-c2cc(F)cc(C(C)C)c2CC(=O)NS(=O)(=O)c2cnn(C3CC3)c2)ccn1,472.54,3.6,0.0,5.823908740944319
COC(=O)[C@@H](Cc1cccnc1)NC(=O)Nc1c2c(cc3c1CCC3)CCC2,379.46,2.96,0.0,5.823908740944319
O=C(Nc1c2c(cc3c1CCC3)CCC2)NS(=O)(=O)c1ccncc1,357.44,2.57,0.0,5.812479279163537
O=C(/C=C/c1ccc(O)cc1)c1ccc(O)cc1O,256.26,2.7,0.0,5.812479279163537
C=C1C(=O)O[C@@H]2C[C@@]3(C)CC[C@@H](NC(=O)/C=C/C(=O)OCC)C(=C)[C@@H]3C[C@H]12,373.45,2.45,0.0,5.809668301829708
CCOC(=O)Cn1nc(Cc2ccccc2Cl)oc1=O,296.71,1.64,0.0,5.809668301829708
Cn1c(=O)c(C(=O)NNC(=O)c2ccccc2F)c(O)c2ccccc21,355.33,1.46,0.0,5.806875401645538
CCOC(=O)COC(=O)Nc1ccccc1C(C)C,265.31,2.92,0.0,5.795880017344075
CCOC(=O)CNC(=O)Nc1c2c(cc3c1CCC3)CCC2,302.37,2.35,0.0,5.795880017344075
N#Cc1ccc(Cc2cc(=O)n3nc(Nc4c5c(cc6c4CCC6)CCC5)nc3[nH]2)cc1,422.49,3.6,0.0,5.795880017344075
Cc1cccc(C(=O)ONC(=N)Cc2cccc3ccccc23)c1,318.38,4.03,0.0,5.790484985457369
O=C(Cc1ccc2ccccc2c1)Nc1cccc(O)c1,277.32,3.73,0.0,5.790216985151485
Cc1ccc(NC(=O)c2nc(S(=O)(=O)Cc3ccccc3)ncc2Cl)cc1,401.88,3.66,0.0,5.777283528852417
CC1=C2CC[C@@](C)(O)[C@@H]2[C@H]2OC(=O)[C@@H](CN(C)CCOc3no[n+]([O-])c3S(=O)(=O)c3ccccc3)[C@@H]2CC1,547.63,1.88,1.0,5.769551078621726
O=c1cc(Cc2ncccn2)[nH]c2nc(Nc3c4c(cc5c3CCC5)CCC4)nn12,399.46,2.52,0.0,5.769551078621726
CCCc1nn(CC(=O)Nc2cccnc2)c(=O)c2cc3sccc3n12,367.43,2.7,0.0,5.764471553092451
C=CCCC(=O)O[C@@H]1CC[C@]2(C)C[C@H]3OC(=O)C(=C)[C@H]3C[C@H]2C1=C,330.42,3.73,0.0,5.7544873321858505
CC(C)c1nn(Cc2nnc(-c3cc(C(F)(F)F)cnc3Cl)o2)c(=O)c2cc3sc(Cl)cc3n12,529.33,5.65,2.0,5.752026733638194
CCCCCNC(=O)C(=O)C1C(=O)Nc2ccccc21,274.32,1.6,0.0,5.749579997691106
C=C1C(=O)O[C@@H]2C[C@@]3(C)CC[C@@H](OC(=O)c4cccs4)C(=C)[C@@H]3C[C@H]12,358.46,4.14,0.0,5.749579997691106
C=C1C(=O)O[C@@H]2C[C@@]3(C)CC[C@@H](OC(=O)c4ccc(Cl)nc4)C(=C)[C@@H]3C[C@H]12,387.86,4.12,0.0,5.749579997691106
C=C1C(=O)O[C@@H]2C[C@@]3(C)CC[C@@H](OC(=O)CCCCCCl)C(=C)[C@@H]3C[C@H]12,380.91,4.56,0.0,5.749579997691106
C=C1C(=O)O[C@@H]2C[C@@]3(C)CC[C@@H](OC(=O)c4ccc(C(F)(F)F)nc4)C(=C)[C@@H]3C[C@H]12,421.42,4.49,0.0,5.747146969020107
O=c1cc(Cc2ccccc2)[nH]c2nc(Nc3c4c(cc5c3CCC5)CCC4)nn12,397.48,3.73,0.0,5.7447274948966935
Cn1ccc(Cc2cc(=O)n3nc(Nc4c5c(cc6c4CCC6)CCC5)nc3[nH]2)n1,401.47,2.46,0.0,5.7447274948966935
O=C([N-]S(=O)(=O)c1ccccc1)Nc1c2c(cc3c1CCC3)CCC2.[Na+],378.43,3.17,0.0,5.7447274948966935
COC(=O)CNC(=O)Nc1c2c(cc3c1CCC3)CCC2,288.35,1.96,0.0,5.7447274948966935
C=C1C(=O)O[C@@H]2[C@H]3O[C@@]3(C)CC/C=C(\C)CC[C@@H]12,248.32,2.76,0.0,5.7447274948966935
CC(C)OC(=O)CNC(=O)Nc1c2c(cc3c1CCC3)CCC2,316.4,2.74,0.0,5.7447274948966935
O=C(NC(=S)NNC(=O)c1ccccc1O)c1ccc(F)cc1,333.34,1.48,0.0,5.739928612014925
CC(C)(O)c1coc(S(=O)(=O)NC(=O)Nc2c3c(cc4c2CC(O)C4)CCC3)c1,420.49,1.97,0.0,5.738023808602187
C=C1C(=O)O[C@@H]2C[C@@]3(C)CC[C@@H](OC(=O)CCCCl)C(=C)[C@@H]3C[C@H]12,352.86,3.78,0.0,5.73754891026957
O=C(O)Cn1nc(Cc2ccccc2Cl)oc1=O,268.66,1.17,0.0,5.732828271596986
C=C1C(=O)O[C@@H]2C[C@@]3(C)CC[C@@H](OC(=O)c4cccnc4)C(=C)[C@@H]3C[C@H]12,353.42,3.47,0.0,5.732828271596986
COc1cccc(CCNC(=O)/C(=C/c2ccc(Br)cc2)CS(=O)(=O)CCC#N)c1,491.41,3.53,0.0,5.72584215073632
CC(C)c1nn(Cc2nnc(-c3cccnc3)o2)c(=O)c2cc3sc(Cl)cc3n12,426.89,3.98,0.0,5.723538195826756
O=c1cc(-c2ccccc2Cl)oc2ccc([N+](=O)[O-])c(O)c12,317.68,3.73,0.0,5.723538195826756
CC(C)c1nn(Cc2nnc(C3CCCCC3)o2)c(=O)c2cc3sc(Cl)cc3n12,431.95,4.97,0.0,5.721246399047171
CCOC(=O)COC(=O)Nc1c(F)cccc1F,259.21,2.08,0.0,5.721246399047171
O=S(=O)(c1ccccc1)c1no[n+]([O-])c1S(=O)(=O)c1ccccc1,366.38,0.97,0.0,5.721246399047171
O=C(Cn1ncn2c(cc3sccc32)c1=O)Nc1cccnc1,325.35,1.74,0.0,5.721246399047171
C=C1C(=O)O[C@@H]2C[C@@]3(C)CC[C@@H](OC(=O)Cc4ccc5ccccc5c4)C(=C)[C@@H]3C[C@H]12,416.52,5.16,1.0,5.714442690992226
C=C1C(=O)O[C@@H]2C[C@@]3(C)CC[C@@H](OC(=O)c4ccc(F)nc4)C(=C)[C@@H]3C[C@H]12,371.41,3.61,0.0,5.714442690992226
CC(C)(O)c1coc(S(=O)(=O)NC(=O)Nc2c3c(cc4c2CCC4O)CCC3)c1,420.49,2.49,0.0,5.705313375720556
C=C1C(=O)O[C@@H]2C[C@@]3(C)CC[C@@H](OC(=O)CCCCC)C(=C)[C@@H]3C[C@H]12,346.47,4.34,0.0,5.698970004336019
COC(=O)C(Cc1cccc(O)c1)NC(=O)Nc1c2c(cc3c1CCC3)CCC2,394.47,3.28,0.0,5.698970004336019
Cn1nccc1Cc1cc(=O)n2nc(Nc3c4c(cc5c3CCC5)CCC4)nc2[nH]1,401.47,2.46,0.0,5.698970004336019
CCOc1cc(C(=O)N(C)Cc2ccc(C(=O)NC)c3cn[nH]c23)ccc1-c1cccc(F)c1,460.51,4.4,0.0,5.698970004336019
O=C(NCCCCc1ccccc1)c1ccccc1Br,332.24,4.2,0.0,5.684029654543083
C/C1=C\CC[C@]2(C)O[C@@H]2[C@H]2OC(=O)[C@@H](CN(C)CCCOc3no[n+]([O-])c3S(=O)(=O)c3ccccc3)[C@@H]2CC1,561.66,2.68,1.0,5.657577319177793
CCCc1ccc(CC(=O)Nc2cccc(O)c2)cc1,269.34,3.53,0.0,5.656000930942839
CN(CC(=O)N1CCc2ccccc2C1)c1ccccc1,280.37,2.71,0.0,5.653647025549361
CC(C)c1nn(Cc2nnc(-c3cnccn3)o2)c(=O)c2cc3sc(Cl)cc3n12,427.88,3.38,0.0,5.649751981665837
O=C(NCCC1=CCCCC1)c1c(O)nc2sccn2c1=O,319.39,2.08,0.0,5.649751981665837
CC1=C2CC[C@@](C)(O)[C@@H]2[C@H]2OC(=O)[C@@H](CN(C)CCCOc3no[n+]([O-])c3S(=O)(=O)c3ccccc3)[C@@H]2CC1,561.66,2.27,1.0,5.638272163982407
COc1ccc(N2C(=O)/C(=C\c3ccccc3C(F)(F)F)SC2=S)cc1,395.43,5.12,1.0,5.638272163982407
Cc1nc(S(=O)(=O)NC(=O)Nc2c3c(cc4c2CCC4)CCC3)cn1C,374.47,2.22,0.0,5.636388020107856
C=C1C(=O)O[C@@H]2C[C@@]3(C)CC[C@@H](OC(=O)CCCCCCC)C(=C)[C@@H]3C[C@H]12,374.52,5.12,1.0,5.636388020107856
O=C(Cc1ccc(OC(F)(F)F)cc1)Nc1cccc(O)c1,311.26,3.47,0.0,5.634886568372423
Cc1csc2nc(O)c(C(=O)NCCC3=CCCCC3)c(=O)n12,333.41,2.39,0.0,5.632644078973981
O=C(Nc1c2c(cc3c1CCC3)CCC2)NS(=O)(=O)c1ccc(N2CCN(CCO)CC2)c2nonc12,526.62,1.82,1.0,5.623423042943488
O=c1c2cc(Br)ccc2nc(-c2ccc([N+](=O)[O-])cc2)n1O,362.14,2.97,0.0,5.621602099051862
O=C(O)c1ccc(/C=C2\SC(=S)N(Cc3cccc(C(F)(F)F)c3)C2=O)cc1,423.44,4.81,0.0,5.619788758288394
N#Cc1cccc(Cc2cc(=O)n3nc(Nc4c5c(cc6c4CCC6)CCC5)nc3[nH]2)c1,422.49,3.6,0.0,5.619788758288394
CN(C)CC1COc2c(S(=O)(=O)NC(=O)Nc3c4c(cc5c3CCC5)CCC4)cnn2C1,459.57,1.94,0.0,5.619788758288394
O=C(O)c1cnc(Nc2c3c(cc4c2CCC4)CCC3)o1,284.31,3.09,0.0,5.619788758288394
CC(C)c1nn(Cc2nnc(C3CCOCC3)o2)c(=O)c2cc3sc(Cl)cc3n12,433.92,3.81,0.0,5.617982957425132
CCN(CC)CCOc1ccc(C(=C(Cl)c2ccccc2)c2ccccc2)cc1,405.97,6.56,1.0,5.617982957425132
O=C(NCCCc1ccccc1)c1c(O)nc2sccn2c1=O,329.38,1.82,0.0,5.616184634019569
O=C(c1ccc(/C=C2\SC(=S)N(c3cccc(C(F)(F)F)c3)C2=O)cc1)N1CCC(O)CC1,492.54,4.71,0.0,5.61261017366127
COC(=O)C(Cc1ccccc1O)NC(=O)Nc1c2c(cc3c1CCC3)CCC2,394.47,3.28,0.0,5.6020599913279625
C=C1C(=O)O[C@@H]2C[C@@]3(C)CC[C@@H](OC(=O)C(CC)CC)C(=C)[C@@H]3C[C@H]12,346.47,4.2,0.0,5.600326278518962
Cn1nccc1S(=O)(=O)NC(=O)Nc1c2c(cc3c1CCC3)CCC2,360.44,1.91,0.0,5.5934598195660445
Cc1c(S(=O)(=O)NC(=O)Nc2c3c(cc4c2CCC4)CCC3)cnn1C,374.47,2.22,0.0,5.590066876668706
CN1CCN(C(=O)c2ccc(/C=C3\SC(=S)N(c4cccc(OC(F)(F)F)c4)C3=O)cc2)CC1,507.56,4.38,1.0,5.590066876668706
C=C1C(=O)C[C@H]2[C@H]1CC/C(C)=C/CC[C@@]1(C)O[C@@H]21,246.35,3.43,0.0,5.586700235918748
CCc1nn(CC(=O)NC)c(=O)c2cc3sccc3n12,290.35,1.02,0.0,5.581698708680254
C=C1C(=O)O[C@@H]2C[C@@]3(C)CC[C@@H](NC(=O)c4ccc(C(F)(F)F)cc4)C(=C)[C@@H]3C[C@H]12,419.44,4.67,0.0,5.576754126063192
O=c1c2ccc(Cl)cc2nc(-c2cccc(C(F)(F)F)c2)n1O,340.69,3.97,0.0,5.573488738635425
CN1CCN(C(=O)c2ccc(/C=C3\SC(=S)N(c4cccc(C(F)(F)F)c4)C3=O)cc2)CC1,491.56,4.5,0.0,5.570247719997592
O=c1c2cc(Cl)ccc2nc(-c2ccc([N+](=O)[O-])cc2)n1O,317.69,2.86,0.0,5.568636235841013
COC(=O)[C@@H](Cc1ccc(O)cc1)NC(=O)Nc1c2c(cc3c1CCC3)CCC2,394.47,3.28,0.0,5.568636235841013
CC1CC(=O)c2cnc(Nc3cccc(C(F)(F)F)c3)nc2C1,321.3,4.0,0.0,5.5638373529592435
O=C(c1ccc(/C=C2\SC(=S)N(c3cccc(C(F)(F)F)c3)C2=O)cc1)N1CCOCC1,478.52,4.58,0.0,5.562249437179612
O=c1cc(Cc2cccc(Cl)c2)[nH]c2nc(Nc3c4c(cc5c3CCC5)CCC4)nn12,431.93,4.38,0.0,5.552841968657781
CS(=O)(=O)[N-]C(=O)Nc1c2c(cc3c1CCC3)CCC2.[Na+],316.36,1.75,0.0,5.552841968657781
COCCc1cc(=O)n2nc(Nc3c4c(cc5c3CCC5)CCC4)nc2[nH]1,365.44,2.33,0.0,5.552841968657781
Cc1ccc(CC(=O)Nc2cccc(O)c2)cc1,241.29,2.88,0.0,5.549596913844634
COc1ccc(-c2ccc3c(c2NC(=O)NS(=O)(=O)c2ccc(Br)s2)CCC3)cc1,507.43,5.19,2.0,5.535212480354063
CCCOc1ccc(C(=O)NNC(=S)NC(=O)c2cccs2)cc1,363.46,2.49,0.0,5.533132379645891
N#Cc1ccc(NC(=O)Nc2ccc(Cl)cc2)cc1,271.71,3.86,0.0,5.525783735923745
CN1CCN(C(=O)c2ccc(/C=C3\SC(=S)N(c4cccc([N+](=O)[O-])c4)C3=O)cc2)CC1,468.56,3.39,0.0,5.525783735923745
COc1ccc(Cc2cc(=O)n3nc(Nc4c5c(cc6c4CCC6)CCC5)nc3[nH]2)cc1,427.51,3.74,0.0,5.522878745280337
C=C1C(=O)O[C@@H]2C[C@@]3(C)CC[C@@H](OC(=O)CCC)C(=C)[C@@H]3C[C@H]12,318.41,3.56,0.0,5.519993057042849
C=C1C(=O)O[C@@H]2C[C@@]3(C)CC[C@@H](OC(=O)C4CC4)C(=C)[C@@H]3C[C@H]12,316.4,3.17,0.0,5.510041520575165
CCOC(=O)CNC(=O)Nc1cc2c(c3c1CCCC3)CCC2,316.4,2.74,0.0,5.508638306165727
COc1ccc(CNC(=O)c2c(C)oc3c2C(=O)c2ccccc2C3=O)cc1,375.38,3.3,0.0,5.507239610973162
CCC1Nc2ncnc(N3CCN(c4ccccn4)CC3)c2N(Cc2ccc(Cl)cc2)C1=O.O=C(O)C(F)(F)F,578.0,3.59,0.0,5.5003129173815966
Cc1ccc(S(=O)(=O)N2CCN=C2SCc2ccccc2)cc1,346.48,3.29,0.0,5.498940737782249
Cn1c(=O)c(C(=O)Nc2ncccn2)c(O)c2ccccc21,296.29,1.29,0.0,5.497572880015567
O=C(c1ccc(/C=C2\SC(=S)N(c3cccc(OC(F)(F)F)c3)C2=O)cc1)N1CCOCC1,494.52,4.46,0.0,5.497572880015567
CCOC(=O)COC(=O)Nc1c(C)cccc1C(C)(C)C,293.36,3.4,0.0,5.494850021680094
COc1ccc(Cl)cc1C(=O)NCCc1ccc(S(N)(=O)=O)cc1,368.84,1.97,0.0,5.488116639021126
CNS(=O)(=O)c1ccc(CCNC(=O)c2cc(Cl)ccc2OC)cc1,382.87,2.23,0.0,5.488116639021126
C=C1C(=O)O[C@@H]2C[C@@]3(C)CC[C@@H](OC(=O)c4ccco4)C(=C)[C@@H]3C[C@H]12,342.39,3.67,0.0,5.485452247339714
COC(=O)[C@@H](Cc1cccnn1)NC(=O)Nc1c2c(cc3c1CCC3)CCC2,380.45,2.36,0.0,5.481486060122113
CCC1Nc2ncnc(N3CCN(c4ccccn4)CC3)c2N(Cc2ccc(Br)cc2)C1=O.O=C(O)C(F)(F)F,622.45,3.7,1.0,5.481486060122113
O=C(c1ccc(Cn2c(SCC3CCCCC3)nc3ccncc32)cc1)N1CCNCC1,449.62,4.2,0.0,5.47755576649368
O=C(Nc1cccc(Br)c1)c1cc2ccccc2o1,316.15,4.45,0.0,5.4723700991286615
O=c1cc(CCc2ccccc2)[nH]c2nc(Nc3c4c(cc5c3CCC5)CCC4)nn12,411.51,3.92,0.0,5.468521082957745
O=c1cc(Cc2cccnc2)[nH]c2nc(Nc3c4c(cc5c3CCC5)CCC4)nn12,398.47,3.12,0.0,5.468521082957745
O=c1cc(CC2CCOCC2)[nH]c2nc(Nc3c4c(cc5c3CCC5)CCC4)nn12,405.5,3.11,0.0,5.468521082957745
CS(=O)(=O)N1CCCc2ccc(NS(=O)(=O)c3ccc(-c4ccccc4)cc3)cc21,442.56,3.87,0.0,5.467245621007502
O=C(O)c1ccc(/C=C2\SC(=S)N(Cc3cccc(F)c3)C2=O)cc1,373.43,3.93,0.0,5.453457336521869
CCCC(=O)OC[C@@H]1C=CC(=O)CO1,198.22,0.85,0.0,5.443697499232712
CC(=O)Nc1ccc(CC(=O)Nc2cccc(O)c2)cc1,284.32,2.53,0.0,5.440691989092987
CC(C)c1nn(C(C)C(=O)Nc2ncc(F)cn2)c(=O)c2ccc(Br)cc12,434.27,3.41,0.0,5.436518914605589
O=C(Nc1c2c(cc3c1CCC3)CCC2)NS(=O)(=O)c1nccs1,363.46,2.63,0.0,5.436518914605589
O=c1cc(Cc2ccccc2F)[nH]c2nc(Nc3c4c(cc5c3CCC5)CCC4)nn12,415.47,3.87,0.0,5.431798275933005
CC(=O)OC1=C(F)C(C(C)=O)[C@@H]2CO[C@H]1O2,230.19,0.69,0.0,5.431798275933005
CC(=O)OC[C@@H]1C=C(F)C(=O)CO1,188.15,0.37,0.0,5.431798275933005
Cc1cccc(NC(=O)N2CCN(Cc3ccc(Cl)cc3)CC2)c1,343.86,4.0,0.0,5.42021640338319
Oc1c(/C=N/c2ccccn2)sc2ccccc12,254.31,3.75,0.0,5.42021640338319
O=C(Cc1ccc(Cl)cc1)Nc1cccc(O)c1,261.71,3.23,0.0,5.399462705635531
Cc1ccccc1Cc1cc(=O)n2nc(Nc3c4c(cc5c3CCC5)CCC4)nc2[nH]1,411.51,4.04,0.0,5.3979400086720375
O=C(Nc1scc(-c2ccccc2)c1C(=O)O)c1ccc(F)cc1,341.36,4.5,0.0,5.394694953858891
N#CCCS(=O)(=O)C/C(=C\c1ccc(Cl)cc1)C(=O)NCCc1ccccc1,416.93,3.41,0.0,5.39040559077478
O=C(Cc1ccc2cc[nH]c2c1)NCc1cccc(O)c1,280.33,2.73,0.0,5.382370702242158
COC(=O)[C@@H](Cc1ccccn1)NC(=O)Nc1c2c(cc3c1CCC3)CCC2,379.46,2.96,0.0,5.376750709602099
Cc1ccc(C2=NOC(C)(c3nnc(-c4ccccc4)o3)C2)cc1,319.36,4.08,0.0,5.367542707815276
CC(=O)OC[C@@H]1C=CC(=O)CO1,170.16,0.07,0.0,5.366531544420414
CC(N)C(=O)OC(C)(C)Cc1ccc(Cl)cc1.Cl,292.21,2.55,0.0,5.366531544420414
N#CCCS(=O)(=O)C/C(=C\c1ccc(Br)cc1)C(=O)NC1CC1,397.29,2.44,0.0,5.3655227298392685
O=C(O)c1ccc(/C=C2\SC(=S)N(CCCc3cccc(C(F)(F)F)c3)C2=O)cc1,451.49,5.24,1.0,5.364516253185088
N#CCCS(=O)(=O)C/C(=C\c1ccc(Br)cc1)C(=O)NCCc1cccc(F)c1,479.37,3.66,0.0,5.36251027048749
O=C(Nc1cccc(Cl)c1)c1cnn2cccnc12,272.7,2.64,0.0,5.361510743045363
N#CCCS(=O)(=O)C/C(=C\c1ccc(Cl)cc1)C(=O)NCCc1ccc(S(N)(=O)=O)cc1,496.01,2.06,0.0,5.354577730650908
O=C(CN1CCCCC1)NNC(=O)c1cccc(Br)c1,340.22,1.7,0.0,5.35261702988538
COC(=O)[C@@H](Cc1cncnc1)NC(=O)Nc1c2c(cc3c1CCC3)CCC2,380.45,2.36,0.0,5.346787486224656
O=c1cc(CC2CCCCC2)[nH]c2nc(Nc3c4c(cc5c3CCC5)CCC4)nn12,403.53,4.26,0.0,5.346787486224656
COc1cccc(NC(=O)c2ccccc2)c1,227.26,2.95,0.0,5.342944147142896
CC(=O)N(/N=C1\Sc2ccccc2C1=O)c1ccccc1C,310.38,3.65,0.0,5.341988603342887
Cl.Nc1ccc(Oc2cc(N)cc(Oc3ccccc3)c2)cc1,328.8,4.44,0.0,5.33913452199613
C#CCCC1(CCN2CCCc3ccc(NS(=O)(=O)c4ccc(-c5ccccc5)cc4)cc32)N=N1,484.63,5.87,1.0,5.321481620959886
Cc1cccc(N2CCN(CC(O)COc3ccc(Cl)cc3)CC2)c1,360.89,3.21,0.0,5.320572103387881
O=C1C(F)=C[C@@H]2CO[C@H]1O2,144.1,0.16,0.0,5.318758762624412
O=C1/C(=C/c2ccc(-c3nnn[nH]3)cc2)SC(=S)N1CCCc1cccc(C(F)(F)F)c1,475.52,4.72,0.0,5.314258261397736
CCCC1CCC(c2ccc(OCC)cc2)=CC1=O,258.36,4.25,0.0,5.314258261397736
COc1cc(CNCCc2ccccc2)ccc1OCc1ccc(Cl)nc1.Cl,419.35,4.65,0.0,5.313363730737707
CN1CCCC(c2cc(=O)n3nc(Nc4c5c(cc6c4CCC6)CCC5)nc3[nH]2)C1,404.52,2.95,0.0,5.309803919971486
Cn1cc(Cc2cc(=O)n3nc(Nc4c5c(cc6c4CCC6)CCC5)nc3[nH]2)cn1,401.47,2.46,0.0,5.309803919971486
COc1cc(-c2cc(F)cc(C(C)C)c2CC(=O)NS(=O)(=O)c2cn(C3CC3)cn2)ccn1,472.54,3.6,0.0,5.301029995663981
CCC1(c2cc(S(=O)(=O)NC(=O)Cc3c4c(cc5c3CCC5)CCC4)nn2C(C)C)COC1,471.62,3.17,0.0,5.301029995663981
COc1cc(-c2ccc3c(c2CC(=O)NS(=O)(=O)c2ccn(C4CC4)n2)CCC3)ccn1,452.54,2.82,0.0,5.301029995663981
CC(C)c1cc(F)cc(-c2cccnc2)c1CC(=O)NS(=O)(=O)c1cnn(C2CC2)c1,442.52,3.59,0.0,5.301029995663981
N#Cc1cc(-c2ccc3c(c2CC(=O)NS(=O)(=O)c2ccn(C4CC4)n2)CCC3)ccn1,447.52,2.69,0.0,5.301029995663981
O=c1[nH]c(-c2ccc([N+](=O)[O-])cc2)nc2ccccc12,267.24,2.5,0.0,5.301029995663981
CCC1(c2cc(S(=O)(=O)NC(=O)Cc3c4c(cc5c3CCC5)CCC4)nn2C2CC2)COC1,469.61,2.92,0.0,5.301029995663981
CC(C)c1cc(F)cc(C(C)C)c1CC(=O)NS(=O)(=O)c1cnn(C2CC2)n1,408.5,3.05,0.0,5.301029995663981
CC(C)c1cc(F)cc(-c2cccnc2)c1CC(=O)NS(=O)(=O)c1ncn(C2CC2)n1,443.5,2.99,0.0,5.301029995663981
CC(C)c1cc(F)cc(C(C)C)c1CC(=O)NS(=O)(=O)c1cn(C2CC2)cn1,407.51,3.65,0.0,5.301029995663981
N#Cc1cc(-c2ccc3c(c2CC(=O)NS(=O)(=O)c2cnn(C4CC4)n2)CCC3)ccn1,448.51,2.08,0.0,5.301029995663981
O=c1cc(CC2CCOC2)[nH]c2nc(Nc3c4c(cc5c3CCC5)CCC4)nn12,391.48,2.72,0.0,5.301029995663981
CC(c1cc(S(=O)(=O)NC(=O)Cc2c3c(cc4c2CCC4)CCC3)nn1C1CC1)N(C)C,456.61,2.87,0.0,5.301029995663981
CC(C)c1cc(F)cc(C(C)C)c1CC(=O)NS(=O)(=O)c1cnn(C2CC2)c1,407.51,3.65,0.0,5.301029995663981
COc1cc(-c2ccc3c(c2CC(=O)NS(=O)(=O)c2cnn(C4CC4)c2)CCC3)ccn1,452.54,2.82,0.0,5.301029995663981
COc1cc(-c2cc(F)cc(C(C)C)c2CC(=O)NS(=O)(=O)c2ncn(C3CC3)n2)ccn1,473.53,2.99,0.0,5.301029995663981
CC(C)c1cc(F)cc(-c2cccnc2)c1CC(=O)NS(=O)(=O)c1cnn(C2CC2)n1,443.5,2.99,0.0,5.301029995663981
CC(C)c1cc(F)cc(C(C)C)c1CC(=O)NS(=O)(=O)c1cc(CN(C)C)n(C2CC2)n1,464.61,3.71,0.0,5.301029995663981
COc1cc(-c2cc(F)cc(C(C)C)c2CC(=O)NS(=O)(=O)c2ccn(C3CC3)n2)ccn1,472.54,3.6,0.0,5.301029995663981
COc1cc(-c2cc(F)cc(C(C)C)c2CC(=O)NS(=O)(=O)c2cnn(C3CC3)n2)ccn1,473.53,2.99,0.0,5.301029995663981
N#CCCS(=O)(=O)C/C(=C\c1ccc(Br)cc1)C(=O)NCCc1cccnc1,462.37,2.91,0.0,5.298432014944073
O=C(Cn1ccc2ccccc2c1=O)Nc1cccc(O)c1,294.31,2.35,0.0,5.298000525110363
CCCCCCCC(=O)OC[C@@H]1C=CC(=O)CO1,254.33,2.41,0.0,5.292429823902063
CN(CCOc1ccccc1)c1ccc(S(=O)(=O)N2CCCCC2)cn1,375.49,2.77,0.0,5.292429823902063
C=C1C(=O)[C@]23[C@H](O)[C@H]1CC[C@H]2[C@@]12CO[C@]3(O)[C@@H](O)[C@@H]1C(C)(C)CC[C@@H]2O,364.44,0.38,0.0,5.285670240254767
C=C1C(=O)[C@]23[C@H](O)[C@@H]1CC[C@H]2[C@@]12CO[C@@]3(O)[C@@H](O)[C@@H]1C(C)(C)CC[C@@H]2O,364.44,0.38,0.0,5.285670240254767
N#CCCS(=O)(=O)C/C(=C\c1cccc(Br)c1)C(=O)NCCc1ccccc1,461.38,3.52,0.0,5.284832642151542
O=c1cc(CC2COCCN2)[nH]c2nc(Nc3c4c(cc5c3CCC5)CCC4)nn12,406.49,1.67,0.0,5.267606240177032
COc1ccc(-c2cc(=O)c3ccccc3o2)cc1,252.27,3.47,0.0,5.267606240177032
CCOC(=O)COC(=O)Nc1ccccc1C#N,248.24,1.67,0.0,5.259637310505756
Cn1cnc(Cc2cc(=O)n3nc(Nc4c5c(cc6c4CCC6)CCC5)nc3[nH]2)c1,401.47,2.46,0.0,5.259637310505756
O=C1/C(=C/c2ccc(-c3nnn[nH]3)cc2)SC(=S)N1Cc1cccc(C(F)(F)F)c1,447.47,4.29,0.0,5.253365801062421
O=C1S/C(=C\c2ccc(-c3nnn[nH]3)cc2)C(=O)N1Cc1cccc(C(F)(F)F)c1,431.4,4.12,0.0,5.251037138743839
O=C(NNC(=S)NC(=O)c1ccc(Br)cc1)c1ccc([N+](=O)[O-])cc1,423.25,2.31,0.0,5.249491605148654
C[C@@H]1C[C@@H]2O[C@H]2/C=C\C=C\C(=O)Cc2c(Cl)c(O)cc(O)c2C(=O)O1,364.78,2.69,0.0,5.247183568811729
COc1ccc(C/C(=N\O)c2nc3ccc(Cl)cc3o2)cc1,316.74,3.91,0.0,5.242603971206976
COc1ccccc1CNC(=O)c1ccc(SC)cc1OC,317.41,3.36,0.0,5.2380721615794705
O=c1cc(Cc2ccncc2)[nH]c2nc(Nc3c4c(cc5c3CCC5)CCC4)nn12,398.47,3.12,0.0,5.236572006437063
CC(C)(C)c1ccc(S(=O)(=O)NC(=O)Nc2cccc3ccccc23)cc1,382.49,4.65,0.0,5.232547281902227
C=C1C(=O)O[C@H]2[C@H]1CCC(C)=C1CC[C@@](C)(O)[C@@H]12,248.32,2.36,0.0,5.229147988357856
O=C(O)c1ccc(/C=C2\SC(=S)N(CCc3cccc(C(F)(F)F)c3)C2=O)cc1,437.46,4.85,0.0,5.228412519118745
CCOC(=O)N1C(=O)C2(CCCCC2)N(c2ccccc2Cl)C1=S,366.87,4.13,0.0,5.22767829327708
O=C(O)c1ccc(/C=C2\SC(=O)N(Cc3cccc(C(F)(F)F)c3)C2=O)cc1,407.37,4.64,0.0,5.2247537402597635
CCOc1cc(C(=O)N(C)Cc2cccc3cn[nH]c23)ccc1-c1ccc(F)cc1,403.46,5.04,1.0,5.221848749616356
CN1CCOCC1Cc1cc(=O)n2nc(Nc3c4c(cc5c3CCC5)CCC4)nc2[nH]1,420.52,2.01,0.0,5.221848749616356
c1ccc(OCc2nnnn2-c2ccccc2)cc1,252.28,2.24,0.0,5.221848749616356
CCOC(=O)C(Cc1ccnnc1)NC(=O)Nc1c2c(cc3c1CCC3)CCC2,394.48,2.75,0.0,5.221848749616356
COC(=O)[C@@H](Cc1ccccc1)NC(=O)Nc1c2c(cc3c1CCC3)CCC2,378.47,3.57,0.0,5.214670164989233
CN1CCn2ncc(S(=O)(=O)NC(=O)Nc3c4c(cc5c3CCC5)CCC4)c2C1=O,429.5,1.46,0.0,5.207608310501746
CCN(CC)c1ccc2nc3ccccc3[n+](CC)c2c1.[I-],407.3,3.54,0.0,5.205511953340831
Br.CCCCCCCCCn1c2c(c(=N)c3c1CCC3)CCC2,381.4,4.7,0.0,5.20342566678957
O=C(O)c1ccc(/C=C2\SC(=S)N(Cc3cccnc3)C2=O)cc1,356.43,3.18,0.0,5.202732459169283
O=c1cc(C2CCOCC2)[nH]c2nc(Nc3c4c(cc5c3CCC5)CCC4)nn12,391.48,3.03,0.0,5.200659450546418
O=[N+]([O-])c1cccc(/C=N/Nc2nc(NCc3ccccc3)nc(N3CCOCC3)n2)c1O,450.46,2.38,1.0,5.1979107421182675
CC(C)(O)c1coc(S(=O)(=O)NC(=O)Nc2c3c(cc4c2CC[C@@H]4O)CCC3)c1,420.49,2.49,0.0,5.19708951058096
O=C(O)c1ccc(/C=C2\SC(=S)N(c3cccc(C(F)(F)F)c3)C2=O)cc1,409.41,4.81,0.0,5.1944991418416
O=C1/C(=C/c2ccc(-c3nnn[nH]3)cc2)SC(=S)N1CCc1cccc(C(F)(F)F)c1,461.49,4.33,0.0,5.187086643357144
Cc1onc(-c2ccccc2Cl)c1C(=O)N1C=CC(C(F)(F)F)=NCC1,383.76,4.28,0.0,5.186419011431808
C=C1C(=O)O[C@@H]2C[C@@]3(C)CCCC(=C)[C@@H]3C[C@H]12,232.32,3.24,0.0,5.181774106386045
O=C1C=C[C@H]2CO[C@@H]1O2,126.11,-0.13,0.0,5.180456064458132
CS(=O)(=O)NC(=O)c1cnc(Nc2c3c(cc4c2CCC4)CCC3)o1,361.42,2.08,0.0,5.167491087293763
CCOC(=O)C(Cc1ccncn1)NC(=O)Nc1c2c(cc3c1CCC3)CCC2,394.48,2.75,0.0,5.167491087293763
CCCNC(=O)/C(=C/c1ccc(Cl)cc1)CS(=O)(=O)CCC#N,354.86,2.58,0.0,5.159266765388193
CN(C(=O)Cc1ccc2cc[nH]c2c1)c1cccc(O)c1,280.33,3.08,0.0,5.1489863931763304
CCCCCC(=O)N1CCN(CC/N=C/C2=C(O)CC(c3ccco3)CC2=O)CC1,415.53,3.33,0.0,5.136677139879544
N#CCCS(=O)(=O)C/C(=C\c1ccc(Cl)cc1)C(=O)NC1CC1,352.84,2.33,0.0,5.13608262304214
COc1ccc(S(=O)(=O)N/N=C(\C)c2nc3ccccc3o2)cc1,345.38,2.54,0.0,5.1249387366083
I.c1ccc(Sc2cccc3ccccc23)c(CNC2=NCCN2)c1,461.37,4.04,0.0,5.1180450286604
O=C(O)c1ccc(/C=C2\SC(=S)N(Cc3ccc(-c4ccccc4)cc3)C2=O)cc1,431.54,5.45,1.0,5.117475462045119
N#CCCS(=O)(=O)C/C(=C\c1ccc(Br)cc1)C(=O)NC1CCCC1,425.35,3.22,0.0,5.115204636051019
O=c1cc(CN2CCOCC2)[nH]c2nc(Nc3c4c(cc5c3CCC5)CCC4)nn12,406.49,1.97,0.0,5.107905397309519
CC(=O)c1ccc(S(=O)(=O)N(c2ccc3c(c2)N(S(C)(=O)=O)CCC3)S(=O)(=O)c2ccc(C(C)=O)cc2)cc1,590.7,3.39,1.0,5.1073489661227
N#CCCS(=O)(=O)C/C(=C\c1cccc(Cl)c1)C(=O)NCCc1ccccc1,416.93,3.41,0.0,5.103473782510445
COc1ccc(-c2ccc3c(c2NC(=O)NS(=O)(=O)c2ccc(C(C)(C)C)cc2)CCC3)cc1,478.61,5.66,1.0,5.088842391260023
COc1ccc(-c2nn(-c3ccccc3)cc2C=O)cc1,278.31,3.36,0.0,5.083019952679618
COc1ccc(Cl)cc1C(=O)NCCc1ccc(S(=O)(=O)NO)cc1,384.84,1.99,0.0,5.073143291050307
CCc1cc(=O)n2nc(Nc3c4c(cc5c3CCC5)CCC4)nc2[nH]1,335.41,2.7,0.0,5.060480747381382
Br.CCCCCCCCn1c2c(c(=N)c3ccccc31)CCC2,377.37,4.97,0.0,5.057991946977687
COc1ccc(S(=O)(=O)Nc2ccc3c(c2)N(S(C)(=O)=O)CCC3)cc1,396.49,2.21,0.0,5.057495893831919
CN1CCOC(Cc2cc(=O)n3nc(Nc4c5c(cc6c4CCC6)CCC5)nc3[nH]2)C1,420.52,2.01,0.0,5.055517327849832
CCOC(=O)c1nnc(Nc2c3c(cc4c2CCC4)CCC3)o1,313.36,2.97,0.0,5.050609993355087
CCN1/C(=C/C=C/c2oc3ccc(-c4ccccc4)cc3[n+]2CC)Oc2ccc(-c3ccccc3)cc21.CCOS(=O)(=O)[O-],610.73,7.85,1.0,5.049148541111453
COc1cccc(-c2ccc3c(c2NC(=O)NS(=O)(=O)c2ccc(C(C)(C)C)cc2)CCC3)c1,478.61,5.66,1.0,5.039338992729018
CN(C)c1cccc2c(S(=O)(=O)NC(=O)Nc3c4c(cc5c3CCC5)CCC4)cccc12,449.58,4.39,0.0,5.037157318798758
C=CCc1c(C)nc(C)nc1N/N=C/c1ccccc1O,282.35,2.97,0.0,5.028260409112222
COc1ccc(-c2ccc(S(=O)(=O)NC(=O)Nc3c(-c4cccc(OC)c4)ccc4c3CCC4)s2)cc1,534.66,6.1,2.0,5.026779753147766
N#CCCS(=O)(=O)C/C(=C\c1ccc(Cl)cc1)C(=O)NC1CCCC1,380.9,3.11,0.0,5.011441043121384
CCOC(=O)c1ccc2c(c1)nc(COc1ccc(OC)cc1)n2CC,354.41,3.82,0.0,5.007446482167865
CC(C)(C)c1ccc(S(=O)(=O)N(c2ccc3c(c2)N(S(C)(=O)=O)CCC3)S(=O)(=O)c2ccc(C(C)(C)C)cc2)cc1,618.84,5.58,2.0,5.006123085058789
N#CCCS(=O)(=O)C/C(=C\c1cccc(Cl)c1)C(=O)NC1CC1,352.84,2.33,0.0,5.004803708402821
COc1ccc(Cl)cc1C(=O)NCCc1ccc(S(=O)(=O)NC(=O)NC2CCCCC2)cc1,494.01,3.64,0.0,5.0
O=c1cc(Cc2ccc(Cl)cc2)[nH]c2nc(Nc3c4c(cc5c3CCC5)CCC4)nn12,431.93,4.38,0.0,5.0
N#CCCS(=O)(=O)C/C(=C\c1ccc(Br)cc1)C(=O)NC1CCC(F)(F)CC1,475.36,3.86,0.0,5.0
COc1cccc(-c2nnc(Cn3nc(C(C)C)n4c(cc5sc(Cl)cc54)c3=O)o2)c1,455.93,4.59,0.0,5.0
CC(C)c1nn(Cc2nnc(C3CCOCC3)o2)c(=O)c2cc3sccc3n12,399.48,3.16,0.0,5.0
CC(C)c1nn(CC(=O)NC2CCOCC2)c(=O)c2ccc(-c3ccsc3)n12,400.5,2.64,0.0,5.0
N#CCCS(=O)(=O)C/C(=C\c1cc2ccccc2o1)C(=O)NC1CC1,358.42,2.42,0.0,5.0
N#CCCS(=O)(=O)C/C(=C\c1cccc(Br)c1)C(=O)NC1CCCC1,425.35,3.22,0.0,5.0
N#CCCS(=O)(=O)C/C(=C\c1ccc2ccccc2c1)C(=O)NCCc1ccccc1,432.55,3.91,0.0,5.0
CC(C)c1nn(CC(=O)NC2CCOCC2)c(=O)c2cc(Nc3ccccc3)cn12,409.49,2.66,0.0,5.0
CC(C)c1nn(CC(=O)Nc2ccncn2)c(=O)c2cccn12,312.33,1.05,0.0,5.0
N#CCCS(=O)(=O)C/C(=C\c1cc2ccccc2s1)C(=O)NC1CCCC1,402.54,3.67,0.0,5.0
CC(C)c1nn([C@@H](C)c2nnc(-c3ccc(C(F)(F)F)nc3Cl)o2)c(=O)c2cc3sc(Cl)cc3n12,543.36,6.21,2.0,5.0
COC(=O)[C@@H]1CCCN1C(=O)Nc1c2c(cc3c1CCC3)CCC2,328.41,2.83,0.0,5.0
N#CCCS(=O)(=O)C/C(=C\c1ccc(Cl)cc1)C(=O)NCC1CC1,366.87,2.58,0.0,5.0
Cc1cccc(-c2nnc(Cn3nc(C(C)C)n4c(cc5sc(Cl)cc54)c3=O)o2)c1,439.93,4.89,0.0,5.0
O=C(CNC(=O)c1cc2sccc2[nH]1)NC1CCOCC1,307.38,1.25,0.0,5.0
CC(C)c1nn(CC(=O)NC2CCOCC2)c(=O)c2cc3cc(Cl)ccc3n12,402.88,2.72,0.0,5.0
N#CCCS(=O)(=O)C/C(=C\c1ccc2ccccc2c1)C(=O)NC1CCCC1,396.51,3.61,0.0,5.0
CCCNC(=O)/C(=C/c1cc2ccccc2o1)CS(=O)(=O)CCC#N,360.44,2.67,0.0,5.0
O=C(CN1CCn2c(cc3sccc32)C1=O)NC1CCOCC1,333.41,1.45,0.0,5.0
CC(C)c1nn(CC(=O)NC2CCOCC2)c(=O)c2ccc(-c3ccc(Cl)s3)n12,434.95,3.3,0.0,5.0
CCCNC(=O)/C(=C/c1cc2ccccc2s1)CS(=O)(=O)CCC#N,376.5,3.14,0.0,5.0
N#CCCS(=O)(=O)C/C(=C\c1ccc(Br)cc1)C(=O)N1CCC2(CC1)OCCO2,483.38,2.53,0.0,5.0
COC(=O)[C@H]1CCCN1C(=O)Nc1c2c(cc3c1CCC3)CCC2,328.41,2.83,0.0,5.0
N#CCCS(=O)(=O)C/C(=C\c1cc2ccccc2s1)C(=O)NCCc1ccccc1,438.57,3.97,0.0,5.0
N#CCCS(=O)(=O)C/C(=C\c1cc2ccccc2s1)C(=O)NC1CC1,374.49,2.89,0.0,5.0
CCCNC(=O)/C(=C/c1cccc(Br)c1)CS(=O)(=O)CCC#N,399.31,2.69,0.0,5.0
N#CCCS(=O)(=O)C/C(=C\c1cccc(Cl)c1)C(=O)NCCc1ccc(S(N)(=O)=O)cc1,496.01,2.06,0.0,5.0
N#CCCS(=O)(=O)C/C(=C\c1ccc(Cl)cc1)C(=O)N1CCOCC1,382.87,1.91,0.0,5.0
CN(C)C(=O)/C(=C/c1ccc(Cl)cc1)CS(=O)(=O)CCC#N,340.83,2.14,0.0,5.0
CC(C)c1nn(CC(=O)NC2CCOCC2)c(=O)c2cc3ccccc3n12,368.44,2.07,0.0,5.0
CCn1c(-c2ccccc2)nc2cc(C)ccc21,236.32,4.03,0.0,5.0
O=C(O)c1ccc(/C=C2\SC(=S)N(Cc3cccc(OC(F)(F)F)c3)C2=O)cc1,439.44,4.68,0.0,5.0
CN1CCN(C(=O)c2ccc(/C=C3\SC(=S)N(Cc4cccc(C(F)(F)F)c4)C3=O)cc2)CC1,505.59,4.49,1.0,5.0
CC(C)c1nn(CC(=O)NC2CCOCC2)c(=O)c2cc(NC3COC3)cn12,389.46,0.73,0.0,5.0
CC(C)c1nn([C@H](C)c2nnc(-c3ccc(C(F)(F)F)nc3Cl)o2)c(=O)c2cc3sc(Cl)cc3n12,543.36,6.21,2.0,5.0
N#CCCS(=O)(=O)C/C(=C\c1ccc2ccccc2c1)C(=O)NC1CC1,368.46,2.83,0.0,5.0
CC(C)c1nn(Cc2nnc(-c3cccnc3)[nH]2)c(=O)c2cc3sc(Cl)cc3n12,425.91,3.72,0.0,5.0
N#CCCS(=O)(=O)C/C(=C\c1ccc2ccccc2c1)C(=O)NCCc1ccc(S(N)(=O)=O)cc1,511.63,2.56,1.0,5.0
N#CCCS(=O)(=O)C/C(=C\c1ccc(Br)cc1)C(=O)NCCc1ccc(S(N)(=O)=O)cc1,540.46,2.17,1.0,5.0
CC(C)c1nn(CC(=O)NC2CCOCC2)c(=O)c2cccn12,318.38,0.91,0.0,5.0
N#CCCS(=O)(=O)C/C(=C\c1ccc(Br)cc1)C(=O)NCc1ccc(Oc2ccccc2)cc1,539.45,5.27,2.0,5.0
N#CCCS(=O)(=O)C/C(=C\c1cc2ccccc2o1)C(=O)NCCc1ccccc1,422.51,3.5,0.0,5.0
O=c1cc(-c2ccc(O)cc2)oc2cc(O)cc(O)c12,270.24,2.58,0.0,5.0
CCCNC(=O)/C(=C/c1cccc(Cl)c1)CS(=O)(=O)CCC#N,354.86,2.58,0.0,5.0
N#CCCS(=O)(=O)C/C(=C\c1cc2ccccc2o1)C(=O)NC1CCCC1,386.47,3.2,0.0,5.0
CNC(=O)/C(=C/c1ccc(Cl)cc1)CS(=O)(=O)CCC#N,326.81,1.8,0.0,5.0
CCOC(=O)COC(=O)Nc1c(C(C)C)cccc1C(C)C,307.39,4.05,0.0,5.0
N#CCCS(=O)(=O)C/C(=C\c1ccc(Cl)cc1)C(=O)N1CC(O)C1,368.84,1.25,0.0,5.0
CCCNC(=O)/C(=C/c1ccc(Br)cc1)CS(=O)(=O)CCC#N,399.31,2.69,0.0,5.0
N#CCCS(=O)(=O)C/C(=C\c1ccc(Cl)cc1)C(=O)N1CCCC1,366.87,2.67,0.0,5.0
N#CCCS(=O)(=O)C/C(=C\c1cccc(Cl)c1)C(=O)NC1CCCC1,380.9,3.11,0.0,5.0
N#CCCS(=O)(=O)C/C(=C\c1cccc(Br)c1)C(=O)NCCc1ccc(S(N)(=O)=O)cc1,540.46,2.17,1.0,5.0
O=C(Nc1ccccc1)c1ccc(/C=C2\SC(=S)N(c3cccc(C(F)(F)F)c3)C2=O)cc1,484.52,6.36,1.0,5.0
CCCNC(=O)/C(=C/c1ccc2ccccc2c1)CS(=O)(=O)CCC#N,370.47,3.08,0.0,5.0
N#CCCS(=O)(=O)C/C(=C\c1cccc(Br)c1)C(=O)NC1CC1,397.29,2.44,0.0,5.0
Brc1ccc(-n2cnc(-c3ccccc3)c2)cc1,299.17,4.3,0.0,4.995678626217358
Cc1cccn2c(O)c(C(=O)NCCCN3CC(C)CC(C)C3)c(=O)nc12,372.47,1.81,0.0,4.987162775294828
CS(=O)(=O)N1CCCc2ccc(NS(=O)(=O)c3ccc4ccccc4c3)cc21,416.52,3.35,0.0,4.985899678480379
CC(=O)Nc1ccc(Cn2c(SCC3CCCCC3)nc3ccncc32)cc1,394.54,5.11,1.0,4.985479461242076
COCCCNC(=O)c1ccc(Cn2c(SCC3CCCCC3)nc3ccncc32)cc1,452.62,4.92,0.0,4.940815382368629
CS(=O)(=O)N1CCCc2ccc(N(S(=O)(=O)CCN3C(=O)c4ccccc4C3=O)S(=O)(=O)CCN3C(=O)c4ccccc4C3=O)cc21,700.77,1.46,1.0,4.931072388317928
CC(C)(C)c1ccc(CC(=O)Nc2cccc(O)c2)cc1,283.37,3.87,0.0,4.905878404159439
COCCCNC(=O)c1ccc(Cn2c(SCc3ccc(C(F)(F)F)cc3)nc3ccncc32)cc1,514.57,5.56,2.0,4.881404634776238
CS(=O)(=O)N1CCCc2ccc(NS(=O)(=O)c3ccccc3F)cc21,384.45,2.34,0.0,4.879755204453635
O=C(Cc1cc2ccccc2[nH]1)Nc1cccc(O)c1,266.3,3.05,0.0,4.878768544850378
CS(=O)(=O)N1CCCc2ccc(N(S(=O)(=O)c3ccccc3[N+](=O)[O-])S(=O)(=O)c3ccccc3[N+](=O)[O-])cc21,596.62,2.8,1.0,4.862645888629267
COC(=O)c1ccc(Cn2c(SCC3CCCCC3)nc3ccncc32)cc1,395.53,4.94,0.0,4.860750782428393
C/C(=N\NS(=O)(=O)c1ccc(C)cc1)c1nc2ccccc2o1,329.38,2.84,0.0,4.860120913598763
O=C(O)CCCCCN1C(=O)/C(=C/c2c[nH]c3ccccc23)SC1=S,374.49,4.01,0.0,4.856985199745905
COC(=O)C(Cc1ccccc1)NC(=O)Nc1c2c(cc3c1CCC3)CCC2,378.47,3.57,0.0,4.853871964321762
COC(=O)c1ccc(S(=O)(=O)Nc2ccc3c(c2)N(S(C)(=O)=O)CCC3)cc1,424.5,1.99,0.0,4.838332587562264
CCCCS(=O)(=O)N(c1ccc2c(c1)N(S(C)(=O)=O)CCC2)S(=O)(=O)CCCC,466.65,2.46,0.0,4.830325565941193
CS(=O)(=O)N1CCCc2ccc(N(S(=O)(=O)c3ccc(-c4ccccc4)cc3)S(=O)(=O)c3ccc(-c4ccccc4)cc3)cc21,658.82,6.32,2.0,4.825358807339551
CC(=O)c1ccc(S(=O)(=O)Nc2ccc3c(c2)N(S(C)(=O)=O)CCC3)cc1,408.5,2.4,0.0,4.817300096663957
Cc1ccc2nc(/C(Cc3ccccc3)=N/O)oc2c1,266.3,3.56,0.0,4.799149501908922
Cn1cncc1Cc1cc(=O)n2nc(Nc3c4c(cc5c3CCC5)CCC4)nc2[nH]1,401.47,2.46,0.0,4.795880017344075
N#CCCSC/C(=C\c1ccc(Cl)cc1)C(=O)NCCc1ccccc1,384.93,4.73,0.0,4.7594507517174005
COCCCNC(=O)c1ccc(Cn2c(SCc3ccc(F)cc3)nc3ccncc32)cc1,464.57,4.68,0.0,4.73471037413917
CCn1c(NC(=O)Cn2nc(C(F)(F)F)c(Cl)c2C)nc2ccccc21,385.78,3.87,0.0,4.730487055782084
CCOC(=O)CNC(=O)Nc1c2c(nc3c1CCC3)CCC2,303.36,1.74,0.0,4.698970004336019
COC(=O)[C@@H](Cc1ccncc1)NC(=O)Nc1c2c(cc3c1CCC3)CCC2,379.46,2.96,0.0,4.698970004336019
CCOC(=O)COC(=O)Nc1ccccc1OC(F)(F)F,307.22,2.7,0.0,4.698970004336019
CCOc1cc(C(=O)N(C)Cc2cccc3cn[nH]c23)ccc1-c1cccc(C(=O)NC)c1,442.52,4.26,0.0,4.698970004336019
CC(C)(C)OC(=O)CNC(=O)Nc1c2c(cc3c1CCC3)CCC2,330.43,3.13,0.0,4.698970004336019
COC(=O)C(C)(C)NC(=O)Nc1c2c(cc3c1CCC3)CCC2,316.4,2.74,0.0,4.698970004336019
CC(C)(O)c1coc(S(=O)(=O)NC(=O)Nc2cccc3c2CCC3)c1,364.42,2.51,0.0,4.698970004336019
CCOC(=O)CNC(=O)Nc1c2c(cc3c1CCC3)CCCC2,316.4,2.74,0.0,4.698970004336019
COC(=O)CNC(=O)Nc1c(C(C)C)cccc1C(C)C,292.38,3.23,0.0,4.698970004336019
Cc1nnc(CNC(=O)Nc2c3c(cc4c2CCC4)CCC3)o1,312.37,2.68,0.0,4.698970004336019
CC(C)(O)c1coc(S(=O)(=O)[N-]C(=O)Nc2ccccc2)c1.[K+],362.45,2.02,0.0,4.698970004336019
CCOC(=O)CNC(=O)Nc1c(C)cccc1C,250.3,1.99,0.0,4.698970004336019
O=c1cc(CC2CNCCO2)[nH]c2nc(Nc3c4c(cc5c3CCC5)CCC4)nn12,406.49,1.67,0.0,4.698970004336019
CCOc1cc(C(=O)N(C)Cc2ccc(C(=O)N(C)C)c3cn[nH]c23)ccc1-c1cccc(F)c1,474.54,4.74,0.0,4.698970004336019
CCOC(=O)COC(=O)Nc1ccccc1C(F)(F)F,291.23,2.82,0.0,4.698970004336019
O=C(CS(=O)(=O)Nc1ccccc1)Nc1c2c(cc3c1CCC3)CCC2,370.47,3.04,0.0,4.698970004336019
Cc1nc(CNC(=O)Nc2c3c(cc4c2CCC4)CCC3)no1,312.37,2.68,0.0,4.698970004336019
CCOc1cc(C(=O)N(C)Cc2cccc3cn[nH]c23)ccc1-c1cccc(N)c1,400.48,4.48,0.0,4.698970004336019
CCOC(=O)CNC(=O)NC(c1ccccc1)c1ccccc1,312.37,2.64,0.0,4.698970004336019
COC(=O)CC(=O)Nc1c2c(cc3c1CCC3)CCC2,273.33,2.17,0.0,4.698970004336019
CNC(=O)CNC(=O)Nc1c2c(cc3c1CCC3)CCC2,287.36,1.53,0.0,4.698970004336019
CN(C)C(=O)CNC(=O)Nc1c2c(cc3c1CCC3)CCC2,301.39,1.87,0.0,4.698970004336019
CCOC(=O)CNC(=O)NC12CC3CC(CC(C3)C1)C2,280.37,1.82,0.0,4.698970004336019
CCOc1cc(C(=O)N(C)Cc2cccc3cn[nH]c23)ccc1-c1cccc([S+](C)[O-])c1,447.56,4.64,0.0,4.698970004336019
COC(=O)C(CCc1ccccc1)NC(=O)Nc1c2c(cc3c1CCC3)CCC2,392.5,3.96,0.0,4.698970004336019
CCOC(=O)CNC(=O)Nc1c2c(c(Cl)c3c1CCC3)CCC2,336.82,3.0,0.0,4.698970004336019
O=C(O)CC(=O)Nc1c2c(cc3c1CCC3)CCC2,259.3,2.08,0.0,4.698970004336019
O=C(CNS(=O)(=O)c1ccccc1)Nc1c2c(cc3c1CCC3)CCC2,370.47,2.58,0.0,4.698970004336019
O=C(O)CNC(=O)Nc1c2c(cc3c1CCC3)CCC2,274.32,1.87,0.0,4.698970004336019
CCOc1cc(C(=O)N(C)Cc2cccc3cn[nH]c23)ccc1-c1c(F)cccc1F,421.45,5.18,1.0,4.698970004336019
CN(Cc1cccc2cn[nH]c12)C(=O)c1ccc(-c2cccc(F)c2)c(OCCO)c1,419.46,4.01,0.0,4.698970004336019
COC(=O)[C@H](Cc1ccccc1)NC(=O)Nc1c2c(cc3c1CCC3)CCC2,378.47,3.57,0.0,4.698970004336019
COCCCNC(=O)c1ccc(Cn2c(SCc3ccc([N+](=O)[O-])cc3)nc3ccncc32)cc1,491.57,4.45,0.0,4.669789215428472
O/N=C(\Cc1ccccc1)c1nc2ccc(Cl)cc2o1,286.72,3.9,0.0,4.6585654754218595
Cc1cccc(C(=O)Nc2ncn(Cc3ccc(Cl)c(Cl)c3)n2)c1,361.23,4.19,0.0,4.638272163982407
COc1cc(/C=C/C(=O)CC(=O)/C=C/c2ccc(O)c(OC)c2)ccc1O,368.39,3.37,0.0,4.616184634019569
COCCCNC(=O)c1ccc(Cn2c(SCc3ccc(C#N)cc3)nc3ccncc32)cc1,471.59,4.41,0.0,4.6136794261059535
COCCCNC(=O)c1ccc(Cn2c(SCC3CCCC3)nc3ccncc32)cc1,438.6,4.53,0.0,4.572351628813068
O=C(/C=C/c1ccc(Cl)cc1)NCCc1ccccc1,285.77,3.71,0.0,4.5638373529592435
COCCCNC(=O)c1ccc(Cn2c(SCc3ccc(Br)cc3)nc3ccncc32)cc1,525.47,5.3,2.0,4.542118103266008
CNC(=O)c1cnc(Nc2c3c(cc4c2CCC4)CCC3)o1,297.36,2.76,0.0,4.522878745280337
COC(=O)c1ccnc(Nc2c3c(cc4c2CCC4)CCC3)n1,309.37,2.98,0.0,4.522878745280337
CC(C)c1cc(F)cc(C(C)C)c1NC(=O)N=[S+](N)([O-])c1ccccc1-c1ccccc1,453.58,6.67,1.0,4.522878745280337
CCOC(=O)c1cnc(Nc2c3c(cc4c2CCC4)CCC3)s1,328.44,4.04,0.0,4.522878745280337
COC(=O)CN1CC(=O)N(c2c3c(cc4c2CCC4)CCC3)C1=O,328.37,1.61,0.0,4.522878745280337
CCOC(=O)c1cnc(Nc2c3c(cc4c2CCC4)CCC3)[nH]1,311.39,3.31,0.0,4.522878745280337
NC(=O)c1cnc(Nc2c3c(cc4c2CCC4)CCC3)o1,283.33,2.49,0.0,4.522878745280337
CC(C)c1cc(F)cc(C(C)C)c1NC(=O)N=[S+](N)([O-])c1ccc2ccccc2c1,427.55,6.16,1.0,4.522878745280337
COCCCNC(=O)c1ccc(Cn2c(SCC=C(C)C)nc3ccncc32)cc1,424.57,4.3,0.0,4.479123618311658
CCc1c(-c2cccc(F)c2)c(C(C)C)nn(CC(=O)Nc2ncncc2F)c1=O,413.43,3.3,0.0,4.452225294612178
COc1ccccc1C(=O)O/N=C(\C)c1nc2ccccc2o1,310.31,3.42,0.0,4.4037328736044845
COC(=O)CN(C)C(=O)Nc1c2c(cc3c1CCC3)CCC2,302.37,2.3,0.0,4.3979400086720375
CN1CCC(c2cc(=O)n3nc(Nc4c5c(cc6c4CCC6)CCC5)nc3[nH]2)CC1,404.52,2.95,0.0,4.3979400086720375
Cc1cc(=O)n2nc(Nc3c4c(cc5c3CCC5)CCC4)nc2n1C,335.41,2.46,0.0,4.3979400086720375
CCOC(=O)CNC(=O)Oc1c2c(cc3c1CCC3)CCC2,303.36,2.32,0.0,4.3979400086720375
Cc1[nH]c2nc(Nc3c4c(cc5c3CCC5)CCC4)nn2c(=O)c1C#N,346.39,2.32,0.0,4.3979400086720375
CCOC(=O)COC(=O)N(C)c1c2c(cc3c1CCC3)CCC2,317.39,2.8,0.0,4.3979400086720375
CN1CCN(Cc2cc(=O)n3nc(Nc4c5c(cc6c4CCC6)CCC5)nc3[nH]2)CC1,419.53,1.89,0.0,4.3979400086720375
COc1c(C)[nH]c2nc(Nc3c4c(cc5c3CCC5)CCC4)nn2c1=O,351.41,2.46,0.0,4.3979400086720375
Cc1[nH]c2nc(Nc3c4c(cc5c3CCC5)CCC4)nn2c(=O)c1Cc1ccccc1,411.51,4.04,0.0,4.3979400086720375
Cc1ccn2nc(Nc3c4c(cc5c3CCC5)CCC4)nc2n1,305.39,3.15,0.0,4.3979400086720375
O=c1cc(C2CCNCC2)[nH]c2nc(Nc3c4c(cc5c3CCC5)CCC4)nn12,390.49,2.61,0.0,4.3979400086720375
O=c1cc(C2CCCNC2)[nH]c2nc(Nc3c4c(cc5c3CCC5)CCC4)nn12,390.49,2.61,0.0,4.3979400086720375
Cc1cc2[nH]c(Nc3c4c(cc5c3CCC5)CCC4)nn2c(=O)n1,321.38,2.45,0.0,4.3979400086720375
Cc1c[nH]c2nc(Nc3c4c(cc5c3CCC5)CCC4)nn2c1=O,321.38,2.45,0.0,4.3979400086720375
Cc1[nH]c2nc(Nc3c4c(cc5c3CCC5)CCC4)nn2c(=O)c1C,335.41,2.76,0.0,4.3979400086720375
O=C1C=C[C@@H](CO)OC1,128.13,-0.5,0.0,4.376750709602099
CC(C)c1nn(CC(=O)Nc2ncncc2F)c(=O)c2cc(C(F)(F)F)ccc12,409.34,3.11,0.0,4.301029995663981
COCCCNC(=O)c1ccc(Cn2c(SCc3ccc(F)nc3)nc3ccncc32)cc1,465.55,4.07,0.0,4.283078926833239
C=C(Cc1ccccc1Cl)C(=O)NCCc1ccc(S(N)(=O)=O)cc1,378.88,2.45,0.0,4.130768280269024
CCc1nn(CC(=O)N(C)c2ccccc2)c(=O)c2cc3sccc3n12,366.45,2.94,0.0,4.086186147616283
O=C(Cc1ccc(F)cc1)Nc1cccc(O)c1,245.25,2.71,0.0,4.0
O=C(Cc1ccc2ncccc2c1)Nc1cccc(O)c1,278.31,3.12,0.0,4.0
CS(=O)(=O)c1ccc(CC(=O)Nc2cccc(O)c2)cc1,305.36,1.98,0.0,4.0
COc1ccc(CC(=O)Nc2ccc3c(c2)OC(F)(F)O3)cc1,321.28,3.2,0.0,4.0
COc1ccccc1CC(=O)Nc1cccc(O)c1,257.29,2.58,0.0,4.0
O=C(Cc1cccc2[nH]ccc12)Nc1cccc(O)c1,266.3,3.05,0.0,4.0
COc1ccc(CC(=O)Nc2cccc(C(C)=O)c2)cc1,283.33,3.08,0.0,4.0
COc1ccc(CC(=O)Nc2cccc(OC(F)(F)F)c2)cc1,325.29,3.78,0.0,4.0
Cc1nc2ccc(Nc3nc4cc(S(=O)(=O)N5CCOCC5)ccc4o3)cc2s1,430.51,3.51,0.0,4.0
COc1ccc(CC(=O)Nc2ccccc2O)cc1,257.29,2.58,0.0,4.0
O=C(Cc1ccc(OCc2ccccc2)cc1)Nc1cccc(O)c1,333.39,4.15,0.0,4.0
COc1ccc(CC(=O)Nc2cccc(OC(F)F)c2)cc1,307.3,3.48,0.0,4.0
COc1ccc(CC(=O)Nc2cccc(Br)c2)cc1,320.19,3.64,0.0,4.0
O=C(Cc1ccc2c(c1)CCO2)Nc1cccc(O)c1,269.3,2.51,0.0,4.0
O=C(Cc1ccc([N+](=O)[O-])cc1)Nc1cccc(O)c1,272.26,2.48,0.0,4.0
O=C(NCc1ccc2cc[nH]c2c1)c1cccc(O)c1,266.3,2.8,0.0,4.0
O=C(Cc1ccc2c(c1)OCO2)Nc1cccc(O)c1,271.27,2.3,0.0,4.0
CCCCCc1ccc(CC(=O)Nc2cccc(O)c2)cc1,297.4,4.31,0.0,4.0
COC(=O)c1cccc(NC(=O)Cc2ccc(OC)cc2)c1,299.33,2.66,0.0,4.0
COc1ccc(CC(=O)Nc2cccc(C(=O)O)c2)cc1,285.3,2.57,0.0,4.0
COc1ccc(CC(=O)Nc2cccc(F)c2)cc1,259.28,3.02,0.0,4.0
COc1ccc(CC(=O)Nc2cccc(CO)c2)cc1,271.32,2.37,0.0,4.0
COc1ccc(CC(=O)Nc2cccc(S(N)(=O)=O)c2)cc1,320.37,1.52,0.0,4.0
O=C(Cc1ccc(O)cc1)Nc1cccc(O)c1,243.26,2.28,0.0,4.0
COc1ccc(CC(=O)Nc2ccc3c(c2)C(=O)OC3)cc1,297.31,2.55,0.0,4.0
COc1ccc(CC(=O)Nc2cccc(C(F)(F)F)c2)cc1,309.29,3.9,0.0,4.0
COc1ccc(CC(=O)Nc2cccc(Cl)c2)cc1,275.74,3.53,0.0,4.0
O=C(Cc1ccccc1)Nc1cccc(O)c1,227.26,2.57,0.0,4.0
COc1ccc(CC(=O)Nc2ccc3c(c2)C(=O)NC3)cc1,296.33,2.12,0.0,4.0
COc1ccc(CC(=O)Nc2ccc3c(c2)C(=O)CC3)cc1,295.34,3.01,0.0,4.0
O=C(Cn1ccc2ccccc21)Nc1cccc(O)c1,266.3,2.99,0.0,4.0
COc1ccc(CC(=O)Nc2cccc([N+](=O)[O-])c2)cc1,286.29,2.78,0.0,4.0
O=C(Cc1c[nH]c2ccccc12)Nc1cccc(O)c1,266.3,3.05,0.0,4.0
O=C(Cc1ccc(-c2ccccc2)cc1)Nc1cccc(O)c1,303.36,4.24,0.0,4.0
COc1ccc(CC(=O)Nc2ccc3ncoc3c2)cc1,282.3,3.02,0.0,4.0
COc1ccc(CC(=O)Nc2ccc3c(c2)COC3)cc1,283.33,2.91,0.0,4.0
CS(=O)(=O)Nc1ccc(CC(=O)Nc2cccc(O)c2)cc1,320.37,1.94,0.0,4.0
COc1ccc(CC(=O)Nc2cccc(C)c2)cc1,255.32,3.18,0.0,4.0
COc1ccc(CC(=O)Nc2cccc(C(C)(C)O)c2)cc1,299.37,3.1,0.0,4.0
COc1ccc(CC(=O)Nc2ccc(O)cc2)cc1,257.29,2.58,0.0,4.0
O=C(Cc1cccc2ccccc12)Nc1cccc(O)c1,277.32,3.73,0.0,4.0
COc1ccc(CC(=O)Nc2ccccc2)cc1,241.29,2.88,0.0,4.0
COc1ccc(CC(=O)Nc2ccc3c(c2)COC3=O)cc1,297.31,2.55,0.0,4.0
O=C(Nc1cccc(O)c1)c1ccc2cc[nH]c2c1,252.27,3.13,0.0,4.0
COc1ccc(CC(=O)Nc2cccc(N)c2)cc1,256.31,2.46,0.0,4.0
COc1cccc(CC(=O)Nc2cccc(O)c2)c1,257.29,2.58,0.0,4.0
COc1ccc(CC(=O)Nc2ccc3c(c2)CNC3=O)cc1,296.33,2.12,0.0,4.0
COc1ccc(CC(=O)Nc2cccc(OC)c2)cc1,271.32,2.89,0.0,4.0
O=C1CO[C@H](CO)[C@@H](O)C1,146.14,-1.3,0.0,2.638272163982407
